appointment_id,patient_ref,specialty,provider_id,scheduled_for,status,duration_minutes
MHP-A-000000,MHP-P-00105,Orthopaedics,MHP-PR-013,2026-08-28T02:08,completed,30
MHP-A-000001,MHP-P-00320,ENT,MHP-PR-057,2026-10-25T00:07,scheduled,30
MHP-A-000002,MHP-P-00169,Neurology,MHP-PR-038,2026-09-12T10:27,no_show,30
MHP-A-000003,MHP-P-00158,Endocrinology,MHP-PR-003,2026-10-22T08:28,completed,60
MHP-A-000004,MHP-P-00062,Neurology,MHP-PR-051,2026-09-27T02:09,completed,30
MHP-A-000005,MHP-P-00147,Orthopaedics,MHP-PR-001,2026-10-14T03:20,cancelled,20
MHP-A-000006,MHP-P-00238,Dermatology,MHP-PR-034,2026-07-24T21:57,completed,20
MHP-A-000007,MHP-P-00155,ENT,MHP-PR-019,2026-04-28T11:16,completed,15
MHP-A-000008,MHP-P-00232,Cardiology,MHP-PR-014,2026-07-22T06:54,completed,15
MHP-A-000009,MHP-P-00027,ENT,MHP-PR-020,2026-04-05T08:26,completed,15
MHP-A-000010,MHP-P-00025,Gastroenterology,MHP-PR-009,2026-08-17T09:16,cancelled,60
MHP-A-000011,MHP-P-00340,Dermatology,MHP-PR-006,2026-07-17T11:49,scheduled,20
MHP-A-000012,MHP-P-00221,Orthopaedics,MHP-PR-019,2026-06-27T08:54,scheduled,30
MHP-A-000013,MHP-P-00127,Neurology,MHP-PR-028,2026-09-05T09:00,no_show,15
MHP-A-000014,MHP-P-00133,Gastroenterology,MHP-PR-039,2026-08-02T01:16,scheduled,45
MHP-A-000015,MHP-P-00347,Pulmonology,MHP-PR-052,2026-05-27T10:13,completed,20
MHP-A-000016,MHP-P-00128,Dermatology,MHP-PR-027,2026-06-19T20:41,completed,15
MHP-A-000017,MHP-P-00152,ENT,MHP-PR-035,2026-06-13T14:09,completed,45
MHP-A-000018,MHP-P-00049,Dermatology,MHP-PR-034,2026-09-21T23:49,completed,60
MHP-A-000019,MHP-P-00350,Pulmonology,MHP-PR-030,2026-08-18T22:19,completed,45
MHP-A-000020,MHP-P-00210,ENT,MHP-PR-002,2026-04-13T15:16,no_show,45
MHP-A-000021,MHP-P-00045,Dermatology,MHP-PR-040,2026-07-29T19:28,completed,60
MHP-A-000022,MHP-P-00262,Pulmonology,MHP-PR-009,2026-07-26T07:09,scheduled,45
MHP-A-000023,MHP-P-00064,Neurology,MHP-PR-043,2026-04-05T16:29,completed,60
MHP-A-000024,MHP-P-00235,Cardiology,MHP-PR-006,2026-04-24T14:46,scheduled,15
MHP-A-000025,MHP-P-00170,Orthopaedics,MHP-PR-053,2026-07-25T05:22,completed,30
MHP-A-000026,MHP-P-00031,Orthopaedics,MHP-PR-048,2026-10-18T18:11,completed,15
MHP-A-000027,MHP-P-00359,Endocrinology,MHP-PR-034,2026-05-29T08:35,completed,45
MHP-A-000028,MHP-P-00069,Endocrinology,MHP-PR-058,2026-06-02T11:36,completed,30
MHP-A-000029,MHP-P-00368,Cardiology,MHP-PR-052,2026-10-08T17:06,completed,20
MHP-A-000030,MHP-P-00058,Orthopaedics,MHP-PR-001,2026-06-01T19:16,completed,15
MHP-A-000031,MHP-P-00266,Orthopaedics,MHP-PR-016,2026-06-21T17:09,scheduled,15
MHP-A-000032,MHP-P-00258,ENT,MHP-PR-026,2026-04-24T23:43,cancelled,30
MHP-A-000033,MHP-P-00207,ENT,MHP-PR-012,2026-07-03T14:41,completed,60
MHP-A-000034,MHP-P-00133,ENT,MHP-PR-055,2026-05-21T05:16,completed,15
MHP-A-000035,MHP-P-00094,Dermatology,MHP-PR-053,2026-07-05T20:19,scheduled,60
MHP-A-000036,MHP-P-00102,ENT,MHP-PR-031,2026-07-25T00:19,scheduled,15
MHP-A-000037,MHP-P-00301,ENT,MHP-PR-024,2026-07-19T05:52,completed,15
MHP-A-000038,MHP-P-00237,Neurology,MHP-PR-053,2026-09-15T08:43,scheduled,30
MHP-A-000039,MHP-P-00234,Orthopaedics,MHP-PR-037,2026-09-01T14:44,scheduled,30
MHP-A-000040,MHP-P-00017,ENT,MHP-PR-003,2026-08-19T03:17,no_show,45
MHP-A-000041,MHP-P-00370,ENT,MHP-PR-018,2026-04-06T22:00,no_show,30
MHP-A-000042,MHP-P-00256,Endocrinology,MHP-PR-023,2026-10-24T06:52,completed,15
MHP-A-000043,MHP-P-00089,Dermatology,MHP-PR-023,2026-08-13T03:25,completed,20
MHP-A-000044,MHP-P-00142,Gastroenterology,MHP-PR-060,2026-09-03T08:40,scheduled,45
MHP-A-000045,MHP-P-00192,ENT,MHP-PR-039,2026-06-12T10:12,completed,60
MHP-A-000046,MHP-P-00397,Gastroenterology,MHP-PR-009,2026-08-07T05:36,completed,60
MHP-A-000047,MHP-P-00178,Neurology,MHP-PR-005,2026-04-20T19:46,scheduled,20
MHP-A-000048,MHP-P-00118,Orthopaedics,MHP-PR-043,2026-05-14T15:02,completed,45
MHP-A-000049,MHP-P-00165,Endocrinology,MHP-PR-050,2026-07-04T06:25,scheduled,20
MHP-A-000050,MHP-P-00372,Neurology,MHP-PR-049,2026-09-13T12:12,cancelled,15
MHP-A-000051,MHP-P-00313,Gastroenterology,MHP-PR-008,2026-04-17T21:45,completed,15
MHP-A-000052,MHP-P-00226,Pulmonology,MHP-PR-039,2026-04-14T19:34,cancelled,30
MHP-A-000053,MHP-P-00055,ENT,MHP-PR-025,2026-05-25T02:40,no_show,60
MHP-A-000054,MHP-P-00284,Endocrinology,MHP-PR-013,2026-07-10T10:25,completed,30
MHP-A-000055,MHP-P-00115,Endocrinology,MHP-PR-048,2026-06-05T07:47,completed,60
MHP-A-000056,MHP-P-00098,Orthopaedics,MHP-PR-038,2026-04-12T18:57,completed,15
MHP-A-000057,MHP-P-00104,Cardiology,MHP-PR-052,2026-05-27T23:08,cancelled,30
MHP-A-000058,MHP-P-00396,Neurology,MHP-PR-037,2026-05-01T07:45,completed,60
MHP-A-000059,MHP-P-00254,Endocrinology,MHP-PR-054,2026-06-22T22:48,completed,45
MHP-A-000060,MHP-P-00256,Pulmonology,MHP-PR-023,2026-05-26T22:04,completed,45
MHP-A-000061,MHP-P-00218,Neurology,MHP-PR-056,2026-04-30T21:32,completed,20
MHP-A-000062,MHP-P-00264,Gastroenterology,MHP-PR-007,2026-05-19T04:09,completed,15
MHP-A-000063,MHP-P-00307,Pulmonology,MHP-PR-002,2026-06-29T09:01,completed,30
MHP-A-000064,MHP-P-00128,Neurology,MHP-PR-046,2026-08-20T08:55,scheduled,20
MHP-A-000065,MHP-P-00147,Orthopaedics,MHP-PR-035,2026-07-06T02:59,cancelled,60
MHP-A-000066,MHP-P-00256,Gastroenterology,MHP-PR-026,2026-04-25T08:59,completed,15
MHP-A-000067,MHP-P-00298,ENT,MHP-PR-060,2026-07-14T12:49,completed,15
MHP-A-000068,MHP-P-00173,Neurology,MHP-PR-017,2026-06-20T05:54,completed,15
MHP-A-000069,MHP-P-00071,Endocrinology,MHP-PR-036,2026-08-09T09:10,cancelled,15
MHP-A-000070,MHP-P-00120,ENT,MHP-PR-005,2026-04-17T02:35,completed,15
MHP-A-000071,MHP-P-00213,Orthopaedics,MHP-PR-057,2026-10-06T07:28,no_show,30
MHP-A-000072,MHP-P-00370,Cardiology,MHP-PR-007,2026-04-17T04:49,completed,20
MHP-A-000073,MHP-P-00332,Pulmonology,MHP-PR-028,2026-10-05T20:29,completed,20
MHP-A-000074,MHP-P-00010,Cardiology,MHP-PR-002,2026-06-18T13:28,completed,45
MHP-A-000075,MHP-P-00349,Cardiology,MHP-PR-036,2026-10-07T15:10,scheduled,45
MHP-A-000076,MHP-P-00356,Dermatology,MHP-PR-028,2026-09-16T03:22,completed,15
MHP-A-000077,MHP-P-00224,Orthopaedics,MHP-PR-058,2026-08-24T04:17,completed,30
MHP-A-000078,MHP-P-00223,Cardiology,MHP-PR-016,2026-07-02T11:42,scheduled,15
MHP-A-000079,MHP-P-00116,Neurology,MHP-PR-048,2026-10-28T14:54,completed,15
MHP-A-000080,MHP-P-00368,Endocrinology,MHP-PR-053,2026-04-25T11:11,scheduled,20
MHP-A-000081,MHP-P-00224,Dermatology,MHP-PR-019,2026-04-20T08:29,completed,60
MHP-A-000082,MHP-P-00335,Endocrinology,MHP-PR-019,2026-05-23T18:02,completed,45
MHP-A-000083,MHP-P-00336,Orthopaedics,MHP-PR-043,2026-05-03T04:51,scheduled,60
MHP-A-000084,MHP-P-00105,ENT,MHP-PR-046,2026-08-20T00:05,cancelled,20
MHP-A-000085,MHP-P-00227,Gastroenterology,MHP-PR-024,2026-07-26T01:00,cancelled,20
MHP-A-000086,MHP-P-00269,Gastroenterology,MHP-PR-021,2026-10-15T21:27,scheduled,30
MHP-A-000087,MHP-P-00210,ENT,MHP-PR-018,2026-05-03T20:10,scheduled,20
MHP-A-000088,MHP-P-00266,Endocrinology,MHP-PR-020,2026-06-24T05:30,scheduled,20
MHP-A-000089,MHP-P-00018,Endocrinology,MHP-PR-045,2026-09-21T08:40,completed,45
MHP-A-000090,MHP-P-00058,Cardiology,MHP-PR-032,2026-04-16T11:37,scheduled,60
MHP-A-000091,MHP-P-00196,Gastroenterology,MHP-PR-053,2026-05-06T04:32,scheduled,60
MHP-A-000092,MHP-P-00196,ENT,MHP-PR-002,2026-08-29T22:58,completed,15
MHP-A-000093,MHP-P-00114,Endocrinology,MHP-PR-025,2026-06-13T23:58,completed,60
MHP-A-000094,MHP-P-00026,Gastroenterology,MHP-PR-003,2026-08-16T10:46,cancelled,60
MHP-A-000095,MHP-P-00386,Pulmonology,MHP-PR-060,2026-07-14T07:58,completed,60
MHP-A-000096,MHP-P-00110,Cardiology,MHP-PR-022,2026-09-18T22:52,cancelled,15
MHP-A-000097,MHP-P-00055,Neurology,MHP-PR-047,2026-07-23T23:56,cancelled,60
MHP-A-000098,MHP-P-00237,Neurology,MHP-PR-037,2026-10-21T21:37,scheduled,45
MHP-A-000099,MHP-P-00239,Endocrinology,MHP-PR-009,2026-04-09T06:31,scheduled,30
MHP-A-000100,MHP-P-00043,Endocrinology,MHP-PR-050,2026-07-27T06:17,completed,45
MHP-A-000101,MHP-P-00019,Gastroenterology,MHP-PR-024,2026-07-16T17:54,completed,60
MHP-A-000102,MHP-P-00006,Orthopaedics,MHP-PR-020,2026-08-06T00:50,completed,20
MHP-A-000103,MHP-P-00227,ENT,MHP-PR-002,2026-09-21T05:15,scheduled,15
MHP-A-000104,MHP-P-00183,ENT,MHP-PR-041,2026-06-26T23:26,completed,60
MHP-A-000105,MHP-P-00040,Gastroenterology,MHP-PR-058,2026-08-03T07:56,no_show,45
MHP-A-000106,MHP-P-00092,Gastroenterology,MHP-PR-050,2026-07-19T14:51,scheduled,45
MHP-A-000107,MHP-P-00065,Endocrinology,MHP-PR-041,2026-06-10T03:24,scheduled,60
MHP-A-000108,MHP-P-00335,Cardiology,MHP-PR-015,2026-05-17T19:43,completed,20
MHP-A-000109,MHP-P-00350,ENT,MHP-PR-038,2026-08-04T14:46,scheduled,20
MHP-A-000110,MHP-P-00031,Gastroenterology,MHP-PR-017,2026-04-09T15:13,completed,30
MHP-A-000111,MHP-P-00276,Cardiology,MHP-PR-039,2026-07-03T12:31,completed,15
MHP-A-000112,MHP-P-00259,ENT,MHP-PR-008,2026-10-18T20:11,scheduled,20
MHP-A-000113,MHP-P-00166,Pulmonology,MHP-PR-054,2026-09-11T22:07,scheduled,45
MHP-A-000114,MHP-P-00144,Dermatology,MHP-PR-002,2026-08-08T04:34,completed,30
MHP-A-000115,MHP-P-00171,Neurology,MHP-PR-058,2026-08-26T21:36,completed,30
MHP-A-000116,MHP-P-00318,Cardiology,MHP-PR-011,2026-08-24T09:49,scheduled,20
MHP-A-000117,MHP-P-00302,Cardiology,MHP-PR-007,2026-06-24T12:07,completed,60
MHP-A-000118,MHP-P-00366,Pulmonology,MHP-PR-014,2026-08-28T12:02,completed,15
MHP-A-000119,MHP-P-00336,Dermatology,MHP-PR-025,2026-05-03T20:09,no_show,20
MHP-A-000120,MHP-P-00289,Neurology,MHP-PR-035,2026-05-20T11:03,completed,60
MHP-A-000121,MHP-P-00026,ENT,MHP-PR-043,2026-10-24T01:12,completed,30
MHP-A-000122,MHP-P-00137,Endocrinology,MHP-PR-054,2026-07-26T04:33,cancelled,30
MHP-A-000123,MHP-P-00124,Pulmonology,MHP-PR-015,2026-09-27T09:33,completed,15
MHP-A-000124,MHP-P-00354,Endocrinology,MHP-PR-029,2026-09-09T13:47,completed,30
MHP-A-000125,MHP-P-00286,Orthopaedics,MHP-PR-059,2026-08-22T01:51,completed,60
MHP-A-000126,MHP-P-00117,ENT,MHP-PR-051,2026-09-13T00:58,scheduled,20
MHP-A-000127,MHP-P-00275,Endocrinology,MHP-PR-050,2026-09-08T16:16,completed,20
MHP-A-000128,MHP-P-00310,Gastroenterology,MHP-PR-051,2026-07-23T18:57,completed,15
MHP-A-000129,MHP-P-00041,Neurology,MHP-PR-027,2026-10-16T12:10,no_show,60
MHP-A-000130,MHP-P-00253,Endocrinology,MHP-PR-058,2026-06-12T05:56,cancelled,15
MHP-A-000131,MHP-P-00085,Orthopaedics,MHP-PR-027,2026-07-14T15:50,completed,45
MHP-A-000132,MHP-P-00380,Orthopaedics,MHP-PR-009,2026-04-16T14:36,completed,15
MHP-A-000133,MHP-P-00353,Dermatology,MHP-PR-005,2026-05-24T18:51,completed,60
MHP-A-000134,MHP-P-00198,Neurology,MHP-PR-023,2026-05-22T20:56,completed,60
MHP-A-000135,MHP-P-00123,Gastroenterology,MHP-PR-008,2026-08-12T04:16,cancelled,30
MHP-A-000136,MHP-P-00302,Orthopaedics,MHP-PR-047,2026-04-20T22:38,scheduled,30
MHP-A-000137,MHP-P-00229,Neurology,MHP-PR-041,2026-09-25T01:00,completed,45
MHP-A-000138,MHP-P-00148,ENT,MHP-PR-045,2026-05-25T15:36,completed,60
MHP-A-000139,MHP-P-00260,Orthopaedics,MHP-PR-010,2026-04-06T09:32,completed,30
MHP-A-000140,MHP-P-00345,ENT,MHP-PR-025,2026-08-05T19:41,completed,60
MHP-A-000141,MHP-P-00369,Gastroenterology,MHP-PR-050,2026-05-11T00:09,scheduled,45
MHP-A-000142,MHP-P-00174,Cardiology,MHP-PR-037,2026-10-21T10:06,cancelled,60
MHP-A-000143,MHP-P-00260,Neurology,MHP-PR-019,2026-08-06T17:42,completed,20
MHP-A-000144,MHP-P-00073,Cardiology,MHP-PR-053,2026-06-24T04:41,completed,30
MHP-A-000145,MHP-P-00294,Pulmonology,MHP-PR-007,2026-08-16T06:29,scheduled,15
MHP-A-000146,MHP-P-00147,Gastroenterology,MHP-PR-032,2026-09-20T20:00,scheduled,20
MHP-A-000147,MHP-P-00147,Gastroenterology,MHP-PR-039,2026-05-14T14:06,cancelled,30
MHP-A-000148,MHP-P-00072,Orthopaedics,MHP-PR-014,2026-10-17T22:24,completed,15
MHP-A-000149,MHP-P-00306,Cardiology,MHP-PR-058,2026-10-30T00:34,completed,20
MHP-A-000150,MHP-P-00003,ENT,MHP-PR-054,2026-04-13T09:15,completed,30
MHP-A-000151,MHP-P-00292,Neurology,MHP-PR-047,2026-09-23T03:03,completed,45
MHP-A-000152,MHP-P-00151,Orthopaedics,MHP-PR-046,2026-05-19T22:55,completed,45
MHP-A-000153,MHP-P-00252,Gastroenterology,MHP-PR-006,2026-05-26T12:14,no_show,15
MHP-A-000154,MHP-P-00181,Orthopaedics,MHP-PR-048,2026-06-28T18:18,completed,30
MHP-A-000155,MHP-P-00080,Pulmonology,MHP-PR-018,2026-09-26T11:35,completed,60
MHP-A-000156,MHP-P-00344,Orthopaedics,MHP-PR-046,2026-08-03T15:14,cancelled,15
MHP-A-000157,MHP-P-00221,Orthopaedics,MHP-PR-060,2026-10-22T19:50,completed,60
MHP-A-000158,MHP-P-00338,Cardiology,MHP-PR-041,2026-04-06T11:17,scheduled,60
MHP-A-000159,MHP-P-00192,Endocrinology,MHP-PR-044,2026-06-18T08:51,scheduled,20
MHP-A-000160,MHP-P-00248,Dermatology,MHP-PR-047,2026-10-13T06:49,scheduled,20
MHP-A-000161,MHP-P-00325,Orthopaedics,MHP-PR-034,2026-06-25T13:23,scheduled,15
MHP-A-000162,MHP-P-00251,Endocrinology,MHP-PR-046,2026-06-11T13:09,scheduled,30
MHP-A-000163,MHP-P-00314,Neurology,MHP-PR-041,2026-07-03T12:42,completed,45
MHP-A-000164,MHP-P-00271,Dermatology,MHP-PR-057,2026-07-28T22:08,completed,30
MHP-A-000165,MHP-P-00342,ENT,MHP-PR-032,2026-09-02T16:39,completed,60
MHP-A-000166,MHP-P-00246,Gastroenterology,MHP-PR-007,2026-06-27T09:34,scheduled,30
MHP-A-000167,MHP-P-00214,ENT,MHP-PR-021,2026-07-08T10:54,completed,15
MHP-A-000168,MHP-P-00090,ENT,MHP-PR-021,2026-05-17T11:14,completed,45
MHP-A-000169,MHP-P-00360,Dermatology,MHP-PR-050,2026-10-08T05:46,completed,45
MHP-A-000170,MHP-P-00307,Neurology,MHP-PR-044,2026-07-03T14:03,scheduled,30
MHP-A-000171,MHP-P-00259,Endocrinology,MHP-PR-057,2026-09-09T05:12,scheduled,30
MHP-A-000172,MHP-P-00133,Pulmonology,MHP-PR-027,2026-09-02T08:54,completed,45
MHP-A-000173,MHP-P-00204,Gastroenterology,MHP-PR-059,2026-04-24T14:13,scheduled,20
MHP-A-000174,MHP-P-00173,Cardiology,MHP-PR-020,2026-09-24T05:16,completed,60
MHP-A-000175,MHP-P-00085,Endocrinology,MHP-PR-050,2026-05-16T05:12,no_show,60
MHP-A-000176,MHP-P-00312,Pulmonology,MHP-PR-009,2026-10-29T23:59,scheduled,15
MHP-A-000177,MHP-P-00194,Orthopaedics,MHP-PR-050,2026-08-10T19:28,cancelled,60
MHP-A-000178,MHP-P-00032,Cardiology,MHP-PR-034,2026-06-24T02:39,completed,20
MHP-A-000179,MHP-P-00080,Neurology,MHP-PR-056,2026-07-01T10:33,scheduled,20
MHP-A-000180,MHP-P-00191,Pulmonology,MHP-PR-027,2026-06-26T02:40,completed,20
MHP-A-000181,MHP-P-00006,Cardiology,MHP-PR-055,2026-04-11T03:40,completed,60
MHP-A-000182,MHP-P-00052,Neurology,MHP-PR-051,2026-10-08T16:35,scheduled,30
MHP-A-000183,MHP-P-00154,Cardiology,MHP-PR-015,2026-07-08T10:05,scheduled,15
MHP-A-000184,MHP-P-00193,Neurology,MHP-PR-009,2026-07-17T05:34,cancelled,15
MHP-A-000185,MHP-P-00037,Neurology,MHP-PR-002,2026-04-09T02:24,completed,60
MHP-A-000186,MHP-P-00309,Dermatology,MHP-PR-007,2026-09-02T06:32,scheduled,60
MHP-A-000187,MHP-P-00159,Pulmonology,MHP-PR-028,2026-10-19T08:30,completed,30
MHP-A-000188,MHP-P-00140,ENT,MHP-PR-013,2026-05-12T02:04,scheduled,60
MHP-A-000189,MHP-P-00241,Neurology,MHP-PR-019,2026-09-17T04:33,scheduled,45
MHP-A-000190,MHP-P-00287,Gastroenterology,MHP-PR-031,2026-07-22T20:00,cancelled,60
MHP-A-000191,MHP-P-00259,Endocrinology,MHP-PR-025,2026-04-10T01:25,no_show,45
MHP-A-000192,MHP-P-00190,Orthopaedics,MHP-PR-029,2026-06-29T09:23,completed,15
MHP-A-000193,MHP-P-00203,Endocrinology,MHP-PR-029,2026-08-24T23:59,completed,15
MHP-A-000194,MHP-P-00329,Gastroenterology,MHP-PR-022,2026-05-29T05:02,completed,15
MHP-A-000195,MHP-P-00048,Dermatology,MHP-PR-014,2026-10-10T14:22,completed,15
MHP-A-000196,MHP-P-00072,Neurology,MHP-PR-040,2026-10-04T06:28,completed,60
MHP-A-000197,MHP-P-00389,Endocrinology,MHP-PR-004,2026-10-11T23:59,scheduled,30
MHP-A-000198,MHP-P-00379,Pulmonology,MHP-PR-054,2026-05-31T20:48,scheduled,60
MHP-A-000199,MHP-P-00306,Neurology,MHP-PR-056,2026-04-05T12:55,scheduled,20
MHP-A-000200,MHP-P-00386,ENT,MHP-PR-035,2026-10-14T11:37,completed,20
MHP-A-000201,MHP-P-00164,ENT,MHP-PR-046,2026-10-07T22:51,completed,15
MHP-A-000202,MHP-P-00053,Neurology,MHP-PR-045,2026-05-03T11:23,completed,15
MHP-A-000203,MHP-P-00082,Orthopaedics,MHP-PR-011,2026-06-19T00:35,completed,15
MHP-A-000204,MHP-P-00019,Neurology,MHP-PR-032,2026-06-08T16:14,completed,60
MHP-A-000205,MHP-P-00249,Dermatology,MHP-PR-048,2026-09-12T18:24,completed,30
MHP-A-000206,MHP-P-00060,Neurology,MHP-PR-019,2026-07-17T15:54,completed,60
MHP-A-000207,MHP-P-00190,Dermatology,MHP-PR-010,2026-07-25T01:49,completed,20
MHP-A-000208,MHP-P-00314,Pulmonology,MHP-PR-034,2026-07-09T22:43,completed,20
MHP-A-000209,MHP-P-00169,Dermatology,MHP-PR-011,2026-10-24T00:33,completed,45
MHP-A-000210,MHP-P-00005,Pulmonology,MHP-PR-027,2026-06-11T23:30,scheduled,15
MHP-A-000211,MHP-P-00002,Gastroenterology,MHP-PR-045,2026-06-15T06:15,scheduled,15
MHP-A-000212,MHP-P-00275,ENT,MHP-PR-022,2026-05-10T03:48,scheduled,45
MHP-A-000213,MHP-P-00304,Dermatology,MHP-PR-005,2026-08-17T11:27,completed,20
MHP-A-000214,MHP-P-00176,Cardiology,MHP-PR-060,2026-06-17T04:32,scheduled,45
MHP-A-000215,MHP-P-00299,Gastroenterology,MHP-PR-024,2026-09-06T23:44,cancelled,60
MHP-A-000216,MHP-P-00277,Endocrinology,MHP-PR-005,2026-06-01T13:40,scheduled,20
MHP-A-000217,MHP-P-00143,Dermatology,MHP-PR-017,2026-05-13T02:42,scheduled,60
MHP-A-000218,MHP-P-00300,Neurology,MHP-PR-022,2026-07-20T01:02,no_show,60
MHP-A-000219,MHP-P-00342,ENT,MHP-PR-014,2026-06-07T15:47,scheduled,20
MHP-A-000220,MHP-P-00110,Orthopaedics,MHP-PR-060,2026-05-30T06:24,scheduled,45
MHP-A-000221,MHP-P-00000,Pulmonology,MHP-PR-005,2026-04-23T15:26,scheduled,45
MHP-A-000222,MHP-P-00217,ENT,MHP-PR-021,2026-07-29T21:02,completed,15
MHP-A-000223,MHP-P-00123,Neurology,MHP-PR-025,2026-08-31T02:23,completed,30
MHP-A-000224,MHP-P-00159,Pulmonology,MHP-PR-034,2026-05-03T17:52,cancelled,20
MHP-A-000225,MHP-P-00085,Gastroenterology,MHP-PR-046,2026-05-28T20:46,completed,60
MHP-A-000226,MHP-P-00226,ENT,MHP-PR-045,2026-07-09T16:11,completed,60
MHP-A-000227,MHP-P-00222,Pulmonology,MHP-PR-012,2026-04-13T04:46,cancelled,45
MHP-A-000228,MHP-P-00394,Pulmonology,MHP-PR-047,2026-09-15T01:41,scheduled,60
MHP-A-000229,MHP-P-00097,Neurology,MHP-PR-024,2026-06-11T21:27,cancelled,15
MHP-A-000230,MHP-P-00100,ENT,MHP-PR-024,2026-10-24T15:41,scheduled,60
MHP-A-000231,MHP-P-00158,Pulmonology,MHP-PR-007,2026-08-24T15:05,cancelled,60
MHP-A-000232,MHP-P-00006,Gastroenterology,MHP-PR-003,2026-07-19T03:43,completed,45
MHP-A-000233,MHP-P-00022,Gastroenterology,MHP-PR-018,2026-04-25T14:23,no_show,15
MHP-A-000234,MHP-P-00367,ENT,MHP-PR-039,2026-09-26T21:04,completed,45
MHP-A-000235,MHP-P-00383,Orthopaedics,MHP-PR-003,2026-08-24T21:18,scheduled,20
MHP-A-000236,MHP-P-00361,Dermatology,MHP-PR-056,2026-05-24T12:03,scheduled,15
MHP-A-000237,MHP-P-00028,ENT,MHP-PR-041,2026-04-27T13:54,completed,60
MHP-A-000238,MHP-P-00142,Endocrinology,MHP-PR-042,2026-04-09T20:25,completed,30
MHP-A-000239,MHP-P-00363,Dermatology,MHP-PR-058,2026-08-23T14:45,completed,45
MHP-A-000240,MHP-P-00213,Cardiology,MHP-PR-005,2026-06-17T07:19,completed,60
MHP-A-000241,MHP-P-00075,Gastroenterology,MHP-PR-006,2026-06-09T09:36,completed,30
MHP-A-000242,MHP-P-00311,Endocrinology,MHP-PR-045,2026-10-16T16:16,completed,15
MHP-A-000243,MHP-P-00159,Gastroenterology,MHP-PR-036,2026-08-17T13:37,scheduled,45
MHP-A-000244,MHP-P-00290,Orthopaedics,MHP-PR-037,2026-09-30T04:31,scheduled,15
MHP-A-000245,MHP-P-00093,Orthopaedics,MHP-PR-012,2026-08-04T16:19,completed,15
MHP-A-000246,MHP-P-00392,Dermatology,MHP-PR-051,2026-04-07T10:17,scheduled,30
MHP-A-000247,MHP-P-00235,Orthopaedics,MHP-PR-057,2026-07-08T04:42,completed,20
MHP-A-000248,MHP-P-00382,Dermatology,MHP-PR-020,2026-04-24T02:07,completed,30
MHP-A-000249,MHP-P-00091,Gastroenterology,MHP-PR-009,2026-08-03T22:03,completed,20
MHP-A-000250,MHP-P-00139,Endocrinology,MHP-PR-012,2026-07-26T21:58,scheduled,45
MHP-A-000251,MHP-P-00135,Orthopaedics,MHP-PR-032,2026-08-19T07:16,completed,30
MHP-A-000252,MHP-P-00395,ENT,MHP-PR-054,2026-06-08T13:56,scheduled,60
MHP-A-000253,MHP-P-00197,Dermatology,MHP-PR-035,2026-06-24T04:31,no_show,45
MHP-A-000254,MHP-P-00177,Gastroenterology,MHP-PR-014,2026-08-14T06:21,completed,60
MHP-A-000255,MHP-P-00282,Gastroenterology,MHP-PR-006,2026-10-19T17:02,completed,30
MHP-A-000256,MHP-P-00111,ENT,MHP-PR-017,2026-04-15T14:07,cancelled,60
MHP-A-000257,MHP-P-00337,Dermatology,MHP-PR-031,2026-05-27T16:10,completed,30
MHP-A-000258,MHP-P-00190,Neurology,MHP-PR-043,2026-04-16T12:30,completed,15
MHP-A-000259,MHP-P-00322,Pulmonology,MHP-PR-056,2026-04-06T10:37,scheduled,45
MHP-A-000260,MHP-P-00171,Pulmonology,MHP-PR-042,2026-05-12T07:00,scheduled,30
MHP-A-000261,MHP-P-00156,Dermatology,MHP-PR-030,2026-06-14T16:08,completed,45
MHP-A-000262,MHP-P-00315,ENT,MHP-PR-038,2026-09-19T07:12,completed,45
MHP-A-000263,MHP-P-00124,Gastroenterology,MHP-PR-047,2026-08-26T07:36,completed,45
MHP-A-000264,MHP-P-00347,Neurology,MHP-PR-020,2026-04-18T23:01,no_show,20
MHP-A-000265,MHP-P-00390,Orthopaedics,MHP-PR-027,2026-09-15T18:37,completed,60
MHP-A-000266,MHP-P-00205,Cardiology,MHP-PR-011,2026-10-19T07:05,scheduled,30
MHP-A-000267,MHP-P-00305,Endocrinology,MHP-PR-037,2026-05-27T13:41,scheduled,30
MHP-A-000268,MHP-P-00027,Orthopaedics,MHP-PR-020,2026-05-28T07:30,completed,45
MHP-A-000269,MHP-P-00202,Dermatology,MHP-PR-030,2026-04-03T16:51,completed,20
MHP-A-000270,MHP-P-00088,Gastroenterology,MHP-PR-020,2026-05-04T14:09,scheduled,20
MHP-A-000271,MHP-P-00223,Orthopaedics,MHP-PR-047,2026-07-07T10:04,scheduled,60
MHP-A-000272,MHP-P-00397,Pulmonology,MHP-PR-001,2026-10-05T18:10,scheduled,15
MHP-A-000273,MHP-P-00241,Neurology,MHP-PR-045,2026-06-24T21:34,cancelled,45
MHP-A-000274,MHP-P-00237,Endocrinology,MHP-PR-049,2026-05-10T14:09,completed,30
MHP-A-000275,MHP-P-00390,Dermatology,MHP-PR-026,2026-08-08T09:54,cancelled,45
MHP-A-000276,MHP-P-00305,Neurology,MHP-PR-035,2026-05-01T04:53,completed,60
MHP-A-000277,MHP-P-00013,Endocrinology,MHP-PR-057,2026-06-11T13:34,completed,30
MHP-A-000278,MHP-P-00185,Pulmonology,MHP-PR-033,2026-04-03T23:50,completed,45
MHP-A-000279,MHP-P-00039,Endocrinology,MHP-PR-009,2026-10-14T12:52,scheduled,20
MHP-A-000280,MHP-P-00154,Neurology,MHP-PR-006,2026-08-13T06:10,completed,20
MHP-A-000281,MHP-P-00217,Dermatology,MHP-PR-019,2026-08-02T04:35,completed,45
MHP-A-000282,MHP-P-00017,Gastroenterology,MHP-PR-027,2026-06-12T02:13,scheduled,60
MHP-A-000283,MHP-P-00054,ENT,MHP-PR-052,2026-05-05T11:15,completed,15
MHP-A-000284,MHP-P-00335,Neurology,MHP-PR-052,2026-04-08T02:56,scheduled,20
MHP-A-000285,MHP-P-00294,Neurology,MHP-PR-044,2026-09-26T23:02,scheduled,45
MHP-A-000286,MHP-P-00216,Cardiology,MHP-PR-020,2026-09-15T10:06,scheduled,15
MHP-A-000287,MHP-P-00309,ENT,MHP-PR-033,2026-08-26T03:59,completed,30
MHP-A-000288,MHP-P-00273,Pulmonology,MHP-PR-008,2026-06-11T19:54,no_show,60
MHP-A-000289,MHP-P-00388,Neurology,MHP-PR-056,2026-05-04T10:44,scheduled,30
MHP-A-000290,MHP-P-00362,Gastroenterology,MHP-PR-013,2026-10-20T08:10,completed,45
MHP-A-000291,MHP-P-00222,Cardiology,MHP-PR-030,2026-07-21T18:45,scheduled,45
MHP-A-000292,MHP-P-00235,Pulmonology,MHP-PR-004,2026-08-24T19:05,scheduled,30
MHP-A-000293,MHP-P-00345,Gastroenterology,MHP-PR-050,2026-04-12T12:19,completed,20
MHP-A-000294,MHP-P-00150,Pulmonology,MHP-PR-027,2026-04-10T04:17,completed,30
MHP-A-000295,MHP-P-00325,Cardiology,MHP-PR-039,2026-05-16T17:57,completed,15
MHP-A-000296,MHP-P-00272,Neurology,MHP-PR-016,2026-06-10T10:17,scheduled,15
MHP-A-000297,MHP-P-00064,Dermatology,MHP-PR-041,2026-10-12T00:17,completed,30
MHP-A-000298,MHP-P-00176,ENT,MHP-PR-045,2026-07-07T04:11,cancelled,60
MHP-A-000299,MHP-P-00291,ENT,MHP-PR-003,2026-05-03T02:22,completed,15
MHP-A-000300,MHP-P-00075,Orthopaedics,MHP-PR-025,2026-10-19T11:04,no_show,15
MHP-A-000301,MHP-P-00172,Gastroenterology,MHP-PR-028,2026-09-06T00:09,scheduled,30
MHP-A-000302,MHP-P-00369,Orthopaedics,MHP-PR-054,2026-09-18T16:54,no_show,20
MHP-A-000303,MHP-P-00292,Gastroenterology,MHP-PR-020,2026-10-20T00:11,completed,20
MHP-A-000304,MHP-P-00355,Cardiology,MHP-PR-024,2026-10-04T00:55,scheduled,45
MHP-A-000305,MHP-P-00140,Dermatology,MHP-PR-018,2026-10-15T03:54,completed,60
MHP-A-000306,MHP-P-00204,Dermatology,MHP-PR-044,2026-07-23T00:34,scheduled,45
MHP-A-000307,MHP-P-00106,Cardiology,MHP-PR-051,2026-09-11T06:47,completed,30
MHP-A-000308,MHP-P-00136,ENT,MHP-PR-039,2026-08-04T22:27,scheduled,20
MHP-A-000309,MHP-P-00009,Pulmonology,MHP-PR-015,2026-04-28T02:56,completed,60
MHP-A-000310,MHP-P-00235,Neurology,MHP-PR-041,2026-08-09T01:11,completed,45
MHP-A-000311,MHP-P-00285,Cardiology,MHP-PR-022,2026-08-13T15:35,completed,45
MHP-A-000312,MHP-P-00077,ENT,MHP-PR-055,2026-10-14T03:46,scheduled,20
MHP-A-000313,MHP-P-00344,Neurology,MHP-PR-017,2026-09-06T20:39,scheduled,60
MHP-A-000314,MHP-P-00040,ENT,MHP-PR-036,2026-08-15T11:25,scheduled,60
MHP-A-000315,MHP-P-00189,Gastroenterology,MHP-PR-019,2026-08-03T20:09,completed,45
MHP-A-000316,MHP-P-00015,Dermatology,MHP-PR-040,2026-06-07T03:04,completed,60
MHP-A-000317,MHP-P-00220,Neurology,MHP-PR-049,2026-04-12T11:10,completed,30
MHP-A-000318,MHP-P-00284,ENT,MHP-PR-016,2026-08-27T02:54,cancelled,20
MHP-A-000319,MHP-P-00193,Orthopaedics,MHP-PR-007,2026-09-04T01:39,scheduled,15
MHP-A-000320,MHP-P-00292,Gastroenterology,MHP-PR-012,2026-06-04T04:04,completed,45
MHP-A-000321,MHP-P-00281,Neurology,MHP-PR-023,2026-06-26T22:36,completed,60
MHP-A-000322,MHP-P-00142,Pulmonology,MHP-PR-050,2026-08-22T10:02,completed,30
MHP-A-000323,MHP-P-00257,Neurology,MHP-PR-015,2026-09-07T06:14,completed,45
MHP-A-000324,MHP-P-00146,ENT,MHP-PR-011,2026-06-11T08:36,completed,15
MHP-A-000325,MHP-P-00272,Pulmonology,MHP-PR-049,2026-09-30T13:59,completed,15
MHP-A-000326,MHP-P-00196,Neurology,MHP-PR-027,2026-09-09T17:12,scheduled,15
MHP-A-000327,MHP-P-00316,Endocrinology,MHP-PR-009,2026-10-15T20:40,no_show,60
MHP-A-000328,MHP-P-00292,Neurology,MHP-PR-002,2026-08-07T14:24,completed,20
MHP-A-000329,MHP-P-00291,ENT,MHP-PR-044,2026-05-08T16:52,no_show,15
MHP-A-000330,MHP-P-00380,Neurology,MHP-PR-036,2026-10-18T22:59,cancelled,20
MHP-A-000331,MHP-P-00234,Pulmonology,MHP-PR-047,2026-07-05T07:34,scheduled,20
MHP-A-000332,MHP-P-00165,Dermatology,MHP-PR-019,2026-04-28T13:05,cancelled,20
MHP-A-000333,MHP-P-00295,ENT,MHP-PR-030,2026-07-07T13:00,completed,45
MHP-A-000334,MHP-P-00123,Dermatology,MHP-PR-030,2026-10-14T15:20,completed,60
MHP-A-000335,MHP-P-00169,Dermatology,MHP-PR-016,2026-09-29T21:07,completed,15
MHP-A-000336,MHP-P-00003,Cardiology,MHP-PR-044,2026-09-08T04:25,cancelled,45
MHP-A-000337,MHP-P-00197,Orthopaedics,MHP-PR-051,2026-09-12T08:33,no_show,60
MHP-A-000338,MHP-P-00061,Cardiology,MHP-PR-029,2026-10-07T02:27,completed,15
MHP-A-000339,MHP-P-00149,Neurology,MHP-PR-054,2026-04-18T20:57,completed,60
MHP-A-000340,MHP-P-00322,ENT,MHP-PR-028,2026-05-21T13:17,scheduled,30
MHP-A-000341,MHP-P-00388,Orthopaedics,MHP-PR-047,2026-06-07T23:45,completed,30
MHP-A-000342,MHP-P-00072,Endocrinology,MHP-PR-051,2026-10-07T19:04,scheduled,15
MHP-A-000343,MHP-P-00168,Orthopaedics,MHP-PR-030,2026-10-11T06:49,completed,30
MHP-A-000344,MHP-P-00175,Gastroenterology,MHP-PR-045,2026-09-23T01:38,completed,45
MHP-A-000345,MHP-P-00358,Gastroenterology,MHP-PR-037,2026-07-19T06:58,completed,20
MHP-A-000346,MHP-P-00075,Gastroenterology,MHP-PR-002,2026-06-28T05:04,cancelled,60
MHP-A-000347,MHP-P-00185,Gastroenterology,MHP-PR-020,2026-06-03T20:29,completed,30
MHP-A-000348,MHP-P-00243,ENT,MHP-PR-044,2026-07-26T21:28,scheduled,20
MHP-A-000349,MHP-P-00075,Gastroenterology,MHP-PR-055,2026-08-30T14:15,scheduled,20
MHP-A-000350,MHP-P-00014,Endocrinology,MHP-PR-038,2026-07-30T00:45,scheduled,15
MHP-A-000351,MHP-P-00132,Pulmonology,MHP-PR-047,2026-10-17T21:25,completed,60
MHP-A-000352,MHP-P-00207,ENT,MHP-PR-040,2026-06-08T13:20,no_show,20
MHP-A-000353,MHP-P-00300,Pulmonology,MHP-PR-034,2026-08-26T18:18,completed,45
MHP-A-000354,MHP-P-00331,Dermatology,MHP-PR-056,2026-10-24T08:33,completed,45
MHP-A-000355,MHP-P-00194,Cardiology,MHP-PR-043,2026-04-28T12:32,completed,30
MHP-A-000356,MHP-P-00105,Endocrinology,MHP-PR-010,2026-07-20T11:05,completed,15
MHP-A-000357,MHP-P-00332,Endocrinology,MHP-PR-023,2026-10-14T02:03,completed,15
MHP-A-000358,MHP-P-00382,Endocrinology,MHP-PR-048,2026-06-21T00:42,completed,15
MHP-A-000359,MHP-P-00204,Orthopaedics,MHP-PR-022,2026-10-17T10:27,scheduled,60
MHP-A-000360,MHP-P-00273,Orthopaedics,MHP-PR-052,2026-04-25T02:43,completed,60
MHP-A-000361,MHP-P-00126,Endocrinology,MHP-PR-017,2026-06-13T07:44,completed,20
MHP-A-000362,MHP-P-00116,ENT,MHP-PR-012,2026-04-18T23:59,no_show,30
MHP-A-000363,MHP-P-00282,Gastroenterology,MHP-PR-006,2026-06-16T04:03,completed,15
MHP-A-000364,MHP-P-00067,Gastroenterology,MHP-PR-004,2026-06-23T01:12,scheduled,60
MHP-A-000365,MHP-P-00389,ENT,MHP-PR-030,2026-05-11T12:56,completed,15
MHP-A-000366,MHP-P-00163,Orthopaedics,MHP-PR-013,2026-10-06T03:04,scheduled,15
MHP-A-000367,MHP-P-00243,Endocrinology,MHP-PR-007,2026-06-25T20:53,completed,30
MHP-A-000368,MHP-P-00291,Cardiology,MHP-PR-038,2026-09-17T06:36,cancelled,15
MHP-A-000369,MHP-P-00368,ENT,MHP-PR-050,2026-06-18T00:39,completed,60
MHP-A-000370,MHP-P-00386,ENT,MHP-PR-001,2026-07-10T03:27,completed,60
MHP-A-000371,MHP-P-00138,ENT,MHP-PR-041,2026-06-10T22:23,completed,45
MHP-A-000372,MHP-P-00263,Gastroenterology,MHP-PR-042,2026-07-28T17:49,scheduled,60
MHP-A-000373,MHP-P-00127,Pulmonology,MHP-PR-018,2026-10-15T17:52,completed,45
MHP-A-000374,MHP-P-00057,Dermatology,MHP-PR-032,2026-04-05T21:44,completed,60
MHP-A-000375,MHP-P-00240,ENT,MHP-PR-011,2026-06-11T19:29,scheduled,45
MHP-A-000376,MHP-P-00344,Gastroenterology,MHP-PR-007,2026-09-22T11:54,completed,60
MHP-A-000377,MHP-P-00093,Endocrinology,MHP-PR-050,2026-05-15T14:15,completed,20
MHP-A-000378,MHP-P-00157,Gastroenterology,MHP-PR-021,2026-10-26T08:40,completed,30
MHP-A-000379,MHP-P-00312,Endocrinology,MHP-PR-037,2026-06-02T09:57,completed,20
MHP-A-000380,MHP-P-00392,Neurology,MHP-PR-051,2026-06-09T02:04,cancelled,60
MHP-A-000381,MHP-P-00339,Dermatology,MHP-PR-021,2026-10-20T22:48,no_show,60
MHP-A-000382,MHP-P-00213,Gastroenterology,MHP-PR-015,2026-07-14T10:59,completed,30
MHP-A-000383,MHP-P-00189,Dermatology,MHP-PR-020,2026-08-10T23:30,completed,30
MHP-A-000384,MHP-P-00230,Gastroenterology,MHP-PR-028,2026-09-03T05:04,completed,15
MHP-A-000385,MHP-P-00390,Neurology,MHP-PR-004,2026-09-09T03:10,completed,20
MHP-A-000386,MHP-P-00233,Gastroenterology,MHP-PR-002,2026-06-20T21:45,scheduled,30
MHP-A-000387,MHP-P-00150,Pulmonology,MHP-PR-002,2026-08-06T08:49,completed,45
MHP-A-000388,MHP-P-00166,Endocrinology,MHP-PR-052,2026-06-25T20:45,completed,45
MHP-A-000389,MHP-P-00140,Orthopaedics,MHP-PR-005,2026-07-06T19:12,scheduled,45
MHP-A-000390,MHP-P-00369,ENT,MHP-PR-003,2026-09-01T20:39,completed,45
MHP-A-000391,MHP-P-00127,Gastroenterology,MHP-PR-039,2026-08-27T00:25,scheduled,15
MHP-A-000392,MHP-P-00327,Pulmonology,MHP-PR-018,2026-10-29T06:33,completed,30
MHP-A-000393,MHP-P-00056,ENT,MHP-PR-009,2026-05-02T02:37,completed,45
MHP-A-000394,MHP-P-00077,Dermatology,MHP-PR-038,2026-07-28T10:32,completed,60
MHP-A-000395,MHP-P-00045,ENT,MHP-PR-016,2026-08-08T16:42,completed,30
MHP-A-000396,MHP-P-00285,Gastroenterology,MHP-PR-045,2026-04-11T20:40,scheduled,15
MHP-A-000397,MHP-P-00358,Pulmonology,MHP-PR-055,2026-08-21T15:54,cancelled,45
MHP-A-000398,MHP-P-00382,Endocrinology,MHP-PR-012,2026-08-06T03:25,completed,45
MHP-A-000399,MHP-P-00185,Pulmonology,MHP-PR-013,2026-07-12T23:17,scheduled,15
MHP-A-000400,MHP-P-00071,Orthopaedics,MHP-PR-042,2026-09-09T21:44,completed,45
MHP-A-000401,MHP-P-00024,Cardiology,MHP-PR-059,2026-10-19T07:37,completed,60
MHP-A-000402,MHP-P-00223,Cardiology,MHP-PR-033,2026-08-08T09:30,completed,45
MHP-A-000403,MHP-P-00144,Pulmonology,MHP-PR-041,2026-04-29T10:30,completed,60
MHP-A-000404,MHP-P-00047,Orthopaedics,MHP-PR-035,2026-06-03T19:45,completed,15
MHP-A-000405,MHP-P-00293,ENT,MHP-PR-040,2026-06-16T12:12,completed,45
MHP-A-000406,MHP-P-00141,ENT,MHP-PR-029,2026-06-01T11:39,completed,15
MHP-A-000407,MHP-P-00093,Pulmonology,MHP-PR-030,2026-10-25T07:39,completed,45
MHP-A-000408,MHP-P-00010,Neurology,MHP-PR-037,2026-07-26T11:32,scheduled,45
MHP-A-000409,MHP-P-00009,Cardiology,MHP-PR-015,2026-08-06T13:50,completed,30
MHP-A-000410,MHP-P-00114,Pulmonology,MHP-PR-035,2026-09-28T03:34,completed,20
MHP-A-000411,MHP-P-00394,Pulmonology,MHP-PR-058,2026-06-01T15:22,scheduled,20
MHP-A-000412,MHP-P-00105,Gastroenterology,MHP-PR-012,2026-05-12T13:25,scheduled,60
MHP-A-000413,MHP-P-00020,Dermatology,MHP-PR-035,2026-08-16T17:26,no_show,30
MHP-A-000414,MHP-P-00161,Endocrinology,MHP-PR-043,2026-06-23T11:13,scheduled,20
MHP-A-000415,MHP-P-00217,Gastroenterology,MHP-PR-015,2026-06-26T17:47,completed,15
MHP-A-000416,MHP-P-00070,ENT,MHP-PR-008,2026-08-27T01:18,scheduled,20
MHP-A-000417,MHP-P-00194,Cardiology,MHP-PR-029,2026-09-20T16:33,completed,20
MHP-A-000418,MHP-P-00394,Neurology,MHP-PR-038,2026-05-21T18:48,scheduled,20
MHP-A-000419,MHP-P-00259,Orthopaedics,MHP-PR-011,2026-06-23T18:58,scheduled,45
MHP-A-000420,MHP-P-00379,Pulmonology,MHP-PR-048,2026-08-04T10:31,completed,20
MHP-A-000421,MHP-P-00046,Pulmonology,MHP-PR-031,2026-07-11T12:25,completed,45
MHP-A-000422,MHP-P-00008,Cardiology,MHP-PR-025,2026-09-13T11:48,completed,15
MHP-A-000423,MHP-P-00181,Pulmonology,MHP-PR-020,2026-04-28T17:41,completed,30
MHP-A-000424,MHP-P-00117,Orthopaedics,MHP-PR-042,2026-09-01T17:08,cancelled,15
MHP-A-000425,MHP-P-00140,Pulmonology,MHP-PR-003,2026-05-28T00:45,completed,20
MHP-A-000426,MHP-P-00289,Cardiology,MHP-PR-009,2026-10-21T18:54,scheduled,45
MHP-A-000427,MHP-P-00390,Cardiology,MHP-PR-004,2026-06-23T20:42,cancelled,30
MHP-A-000428,MHP-P-00190,Neurology,MHP-PR-053,2026-06-03T12:50,completed,20
MHP-A-000429,MHP-P-00265,Dermatology,MHP-PR-048,2026-06-12T21:46,completed,15
MHP-A-000430,MHP-P-00083,Cardiology,MHP-PR-032,2026-06-21T15:08,completed,30
MHP-A-000431,MHP-P-00135,Pulmonology,MHP-PR-002,2026-04-13T09:45,completed,45
MHP-A-000432,MHP-P-00017,Dermatology,MHP-PR-059,2026-09-08T16:36,scheduled,45
MHP-A-000433,MHP-P-00390,Dermatology,MHP-PR-011,2026-05-12T06:08,scheduled,20
MHP-A-000434,MHP-P-00047,Neurology,MHP-PR-005,2026-05-17T00:44,no_show,45
MHP-A-000435,MHP-P-00212,ENT,MHP-PR-009,2026-04-03T15:43,completed,45
MHP-A-000436,MHP-P-00131,Dermatology,MHP-PR-021,2026-10-30T02:02,completed,60
MHP-A-000437,MHP-P-00342,Orthopaedics,MHP-PR-031,2026-10-11T18:14,completed,60
MHP-A-000438,MHP-P-00100,Dermatology,MHP-PR-015,2026-10-20T06:40,scheduled,20
MHP-A-000439,MHP-P-00115,Orthopaedics,MHP-PR-048,2026-05-10T04:29,completed,30
MHP-A-000440,MHP-P-00314,Orthopaedics,MHP-PR-016,2026-06-30T05:33,scheduled,30
MHP-A-000441,MHP-P-00168,ENT,MHP-PR-043,2026-10-22T06:58,completed,30
MHP-A-000442,MHP-P-00389,Dermatology,MHP-PR-021,2026-09-14T06:31,completed,20
MHP-A-000443,MHP-P-00296,Cardiology,MHP-PR-048,2026-08-30T21:44,completed,20
MHP-A-000444,MHP-P-00093,Cardiology,MHP-PR-010,2026-04-16T14:57,completed,20
MHP-A-000445,MHP-P-00082,Neurology,MHP-PR-021,2026-04-07T22:10,completed,45
MHP-A-000446,MHP-P-00176,Endocrinology,MHP-PR-041,2026-09-07T21:59,completed,20
MHP-A-000447,MHP-P-00232,Gastroenterology,MHP-PR-035,2026-09-21T04:49,scheduled,30
MHP-A-000448,MHP-P-00335,Pulmonology,MHP-PR-022,2026-06-14T17:37,scheduled,45
MHP-A-000449,MHP-P-00395,ENT,MHP-PR-043,2026-05-10T20:28,completed,30
MHP-A-000450,MHP-P-00390,Gastroenterology,MHP-PR-005,2026-08-23T06:58,completed,15
MHP-A-000451,MHP-P-00278,Dermatology,MHP-PR-007,2026-06-30T13:57,no_show,15
MHP-A-000452,MHP-P-00061,Gastroenterology,MHP-PR-009,2026-08-16T09:05,completed,45
MHP-A-000453,MHP-P-00283,Orthopaedics,MHP-PR-056,2026-10-16T09:21,scheduled,60
MHP-A-000454,MHP-P-00099,Dermatology,MHP-PR-054,2026-06-28T12:51,completed,20
MHP-A-000455,MHP-P-00375,Pulmonology,MHP-PR-034,2026-06-01T07:36,completed,60
MHP-A-000456,MHP-P-00268,Cardiology,MHP-PR-052,2026-10-27T10:22,completed,20
MHP-A-000457,MHP-P-00355,Dermatology,MHP-PR-024,2026-06-04T00:39,scheduled,20
MHP-A-000458,MHP-P-00325,Endocrinology,MHP-PR-054,2026-06-01T10:13,completed,60
MHP-A-000459,MHP-P-00217,Endocrinology,MHP-PR-018,2026-04-22T08:53,no_show,45
MHP-A-000460,MHP-P-00151,Neurology,MHP-PR-058,2026-10-23T00:02,no_show,45
MHP-A-000461,MHP-P-00239,Pulmonology,MHP-PR-009,2026-07-28T21:08,scheduled,30
MHP-A-000462,MHP-P-00362,Gastroenterology,MHP-PR-014,2026-04-29T07:45,scheduled,45
MHP-A-000463,MHP-P-00071,Dermatology,MHP-PR-031,2026-06-04T14:39,completed,20
MHP-A-000464,MHP-P-00200,Dermatology,MHP-PR-042,2026-09-13T02:26,completed,20
MHP-A-000465,MHP-P-00127,Pulmonology,MHP-PR-005,2026-06-30T06:18,no_show,30
MHP-A-000466,MHP-P-00071,Neurology,MHP-PR-008,2026-06-01T08:18,scheduled,20
MHP-A-000467,MHP-P-00344,Gastroenterology,MHP-PR-049,2026-08-08T13:14,scheduled,15
MHP-A-000468,MHP-P-00266,Gastroenterology,MHP-PR-034,2026-05-13T05:24,completed,60
MHP-A-000469,MHP-P-00241,Endocrinology,MHP-PR-043,2026-09-20T13:59,scheduled,15
MHP-A-000470,MHP-P-00277,ENT,MHP-PR-010,2026-04-30T17:12,cancelled,30
MHP-A-000471,MHP-P-00139,Cardiology,MHP-PR-025,2026-07-11T13:59,scheduled,45
MHP-A-000472,MHP-P-00218,Dermatology,MHP-PR-057,2026-10-09T15:00,completed,20
MHP-A-000473,MHP-P-00267,Orthopaedics,MHP-PR-006,2026-08-22T04:12,scheduled,45
MHP-A-000474,MHP-P-00359,Neurology,MHP-PR-027,2026-04-25T09:02,completed,30
MHP-A-000475,MHP-P-00370,Gastroenterology,MHP-PR-058,2026-07-10T02:44,completed,30
MHP-A-000476,MHP-P-00214,Gastroenterology,MHP-PR-023,2026-05-05T15:29,scheduled,45
MHP-A-000477,MHP-P-00124,ENT,MHP-PR-015,2026-09-18T20:00,completed,15
MHP-A-000478,MHP-P-00399,ENT,MHP-PR-036,2026-08-27T07:55,completed,45
MHP-A-000479,MHP-P-00021,Orthopaedics,MHP-PR-038,2026-05-11T15:48,completed,15
MHP-A-000480,MHP-P-00391,Endocrinology,MHP-PR-024,2026-09-14T04:44,completed,15
MHP-A-000481,MHP-P-00177,ENT,MHP-PR-055,2026-09-29T07:26,completed,60
MHP-A-000482,MHP-P-00019,Neurology,MHP-PR-053,2026-09-18T01:38,completed,15
MHP-A-000483,MHP-P-00110,Dermatology,MHP-PR-002,2026-08-09T03:09,scheduled,45
MHP-A-000484,MHP-P-00014,ENT,MHP-PR-055,2026-07-10T19:55,completed,30
MHP-A-000485,MHP-P-00180,Endocrinology,MHP-PR-018,2026-09-23T14:05,completed,30
MHP-A-000486,MHP-P-00234,Gastroenterology,MHP-PR-050,2026-06-04T17:49,scheduled,60
MHP-A-000487,MHP-P-00331,Pulmonology,MHP-PR-048,2026-09-06T05:34,completed,20
MHP-A-000488,MHP-P-00255,Orthopaedics,MHP-PR-022,2026-08-18T00:03,completed,20
MHP-A-000489,MHP-P-00162,Gastroenterology,MHP-PR-007,2026-05-08T11:53,completed,30
MHP-A-000490,MHP-P-00318,ENT,MHP-PR-041,2026-06-14T16:26,completed,20
MHP-A-000491,MHP-P-00135,ENT,MHP-PR-023,2026-08-12T06:04,completed,30
MHP-A-000492,MHP-P-00386,Dermatology,MHP-PR-011,2026-08-06T17:20,scheduled,20
MHP-A-000493,MHP-P-00297,Gastroenterology,MHP-PR-059,2026-10-16T22:22,completed,60
MHP-A-000494,MHP-P-00151,Dermatology,MHP-PR-026,2026-05-02T20:46,scheduled,15
MHP-A-000495,MHP-P-00364,Neurology,MHP-PR-055,2026-07-14T15:47,scheduled,30
MHP-A-000496,MHP-P-00272,Pulmonology,MHP-PR-026,2026-05-25T00:57,cancelled,15
MHP-A-000497,MHP-P-00376,Gastroenterology,MHP-PR-040,2026-05-05T07:16,completed,20
MHP-A-000498,MHP-P-00226,Cardiology,MHP-PR-016,2026-06-02T13:48,completed,30
MHP-A-000499,MHP-P-00013,ENT,MHP-PR-015,2026-06-27T09:59,scheduled,20
MHP-A-000500,MHP-P-00225,Endocrinology,MHP-PR-010,2026-04-08T04:44,scheduled,15
MHP-A-000501,MHP-P-00313,ENT,MHP-PR-054,2026-09-20T20:18,completed,60
MHP-A-000502,MHP-P-00290,Endocrinology,MHP-PR-027,2026-06-14T15:11,completed,60
MHP-A-000503,MHP-P-00204,Neurology,MHP-PR-048,2026-07-13T22:17,completed,30
MHP-A-000504,MHP-P-00134,Neurology,MHP-PR-024,2026-08-22T22:31,cancelled,20
MHP-A-000505,MHP-P-00163,Pulmonology,MHP-PR-005,2026-05-25T14:33,completed,20
MHP-A-000506,MHP-P-00275,Dermatology,MHP-PR-007,2026-10-17T10:48,completed,60
MHP-A-000507,MHP-P-00160,Orthopaedics,MHP-PR-052,2026-06-30T20:28,completed,60
MHP-A-000508,MHP-P-00114,ENT,MHP-PR-018,2026-04-24T00:52,completed,45
MHP-A-000509,MHP-P-00254,Neurology,MHP-PR-005,2026-06-08T22:00,scheduled,45
MHP-A-000510,MHP-P-00286,Cardiology,MHP-PR-058,2026-08-16T08:53,completed,20
MHP-A-000511,MHP-P-00032,Pulmonology,MHP-PR-005,2026-07-19T14:20,completed,15
MHP-A-000512,MHP-P-00365,ENT,MHP-PR-028,2026-05-25T03:58,no_show,20
MHP-A-000513,MHP-P-00338,ENT,MHP-PR-020,2026-10-29T11:12,completed,30
MHP-A-000514,MHP-P-00169,Endocrinology,MHP-PR-037,2026-10-17T15:28,no_show,20
MHP-A-000515,MHP-P-00392,Pulmonology,MHP-PR-056,2026-04-06T00:09,no_show,15
MHP-A-000516,MHP-P-00364,Pulmonology,MHP-PR-038,2026-05-19T20:31,completed,15
MHP-A-000517,MHP-P-00314,Orthopaedics,MHP-PR-034,2026-09-11T01:04,completed,20
MHP-A-000518,MHP-P-00127,Dermatology,MHP-PR-054,2026-06-12T18:15,scheduled,45
MHP-A-000519,MHP-P-00373,Orthopaedics,MHP-PR-022,2026-05-07T23:31,scheduled,45
MHP-A-000520,MHP-P-00293,Neurology,MHP-PR-052,2026-09-08T15:52,completed,45
MHP-A-000521,MHP-P-00070,Pulmonology,MHP-PR-012,2026-05-10T14:30,completed,20
MHP-A-000522,MHP-P-00362,Neurology,MHP-PR-057,2026-07-10T05:56,completed,20
MHP-A-000523,MHP-P-00133,Neurology,MHP-PR-013,2026-06-30T09:26,completed,15
MHP-A-000524,MHP-P-00173,ENT,MHP-PR-049,2026-05-09T21:24,completed,15
MHP-A-000525,MHP-P-00310,Cardiology,MHP-PR-036,2026-04-26T08:16,completed,15
MHP-A-000526,MHP-P-00086,Cardiology,MHP-PR-034,2026-04-08T06:14,scheduled,45
MHP-A-000527,MHP-P-00156,Cardiology,MHP-PR-052,2026-08-26T22:43,cancelled,20
MHP-A-000528,MHP-P-00096,ENT,MHP-PR-012,2026-10-28T05:33,scheduled,30
MHP-A-000529,MHP-P-00049,Dermatology,MHP-PR-039,2026-08-26T16:30,completed,45
MHP-A-000530,MHP-P-00361,Dermatology,MHP-PR-033,2026-05-31T04:22,completed,45
MHP-A-000531,MHP-P-00015,Cardiology,MHP-PR-060,2026-10-29T03:42,cancelled,15
MHP-A-000532,MHP-P-00159,Gastroenterology,MHP-PR-007,2026-08-16T22:25,completed,60
MHP-A-000533,MHP-P-00265,Dermatology,MHP-PR-058,2026-05-12T02:28,completed,60
MHP-A-000534,MHP-P-00079,Pulmonology,MHP-PR-030,2026-09-01T09:18,completed,15
MHP-A-000535,MHP-P-00342,Orthopaedics,MHP-PR-022,2026-07-07T23:57,completed,20
MHP-A-000536,MHP-P-00251,Endocrinology,MHP-PR-051,2026-09-07T09:12,scheduled,15
MHP-A-000537,MHP-P-00245,Orthopaedics,MHP-PR-055,2026-10-22T06:17,scheduled,30
MHP-A-000538,MHP-P-00269,Neurology,MHP-PR-049,2026-06-20T09:49,scheduled,20
MHP-A-000539,MHP-P-00229,Endocrinology,MHP-PR-019,2026-09-15T22:34,completed,45
MHP-A-000540,MHP-P-00042,ENT,MHP-PR-002,2026-10-11T03:40,scheduled,60
MHP-A-000541,MHP-P-00247,Neurology,MHP-PR-020,2026-10-13T15:06,no_show,30
MHP-A-000542,MHP-P-00394,Cardiology,MHP-PR-034,2026-04-19T13:02,scheduled,15
MHP-A-000543,MHP-P-00157,Dermatology,MHP-PR-042,2026-08-03T04:27,completed,60
MHP-A-000544,MHP-P-00014,Cardiology,MHP-PR-020,2026-08-30T20:32,scheduled,60
MHP-A-000545,MHP-P-00026,Neurology,MHP-PR-048,2026-10-17T19:23,completed,20
MHP-A-000546,MHP-P-00260,Pulmonology,MHP-PR-044,2026-04-20T17:49,cancelled,15
MHP-A-000547,MHP-P-00234,Dermatology,MHP-PR-058,2026-06-28T10:09,completed,15
MHP-A-000548,MHP-P-00365,Endocrinology,MHP-PR-032,2026-06-22T15:55,completed,60
MHP-A-000549,MHP-P-00007,Cardiology,MHP-PR-060,2026-08-29T12:43,scheduled,15
MHP-A-000550,MHP-P-00148,Cardiology,MHP-PR-058,2026-07-05T17:34,completed,30
MHP-A-000551,MHP-P-00090,Neurology,MHP-PR-053,2026-07-01T01:34,completed,45
MHP-A-000552,MHP-P-00022,Dermatology,MHP-PR-010,2026-07-07T23:30,completed,30
MHP-A-000553,MHP-P-00216,Gastroenterology,MHP-PR-014,2026-07-18T05:57,completed,15
MHP-A-000554,MHP-P-00212,Neurology,MHP-PR-025,2026-07-20T08:57,completed,20
MHP-A-000555,MHP-P-00398,ENT,MHP-PR-017,2026-04-07T10:12,completed,45
MHP-A-000556,MHP-P-00021,ENT,MHP-PR-009,2026-06-28T23:16,scheduled,15
MHP-A-000557,MHP-P-00059,Dermatology,MHP-PR-058,2026-10-10T02:29,scheduled,60
MHP-A-000558,MHP-P-00167,Dermatology,MHP-PR-048,2026-07-11T23:44,no_show,45
MHP-A-000559,MHP-P-00145,Gastroenterology,MHP-PR-019,2026-07-13T22:20,scheduled,15
MHP-A-000560,MHP-P-00202,Endocrinology,MHP-PR-006,2026-10-13T18:23,scheduled,60
MHP-A-000561,MHP-P-00018,ENT,MHP-PR-031,2026-05-15T20:09,scheduled,15
MHP-A-000562,MHP-P-00198,Dermatology,MHP-PR-006,2026-04-29T13:13,scheduled,60
MHP-A-000563,MHP-P-00189,ENT,MHP-PR-048,2026-05-28T19:36,completed,15
MHP-A-000564,MHP-P-00339,Endocrinology,MHP-PR-050,2026-06-24T02:21,completed,15
MHP-A-000565,MHP-P-00291,Cardiology,MHP-PR-010,2026-08-13T22:35,cancelled,30
MHP-A-000566,MHP-P-00089,Pulmonology,MHP-PR-030,2026-06-20T07:11,cancelled,15
MHP-A-000567,MHP-P-00200,Neurology,MHP-PR-010,2026-07-25T16:49,completed,20
MHP-A-000568,MHP-P-00094,Endocrinology,MHP-PR-022,2026-09-20T19:34,scheduled,45
MHP-A-000569,MHP-P-00035,Endocrinology,MHP-PR-039,2026-10-25T15:30,scheduled,20
MHP-A-000570,MHP-P-00073,Pulmonology,MHP-PR-004,2026-05-16T15:00,completed,45
MHP-A-000571,MHP-P-00265,Cardiology,MHP-PR-040,2026-06-08T08:43,completed,30
MHP-A-000572,MHP-P-00189,Cardiology,MHP-PR-010,2026-05-13T16:25,completed,15
MHP-A-000573,MHP-P-00195,Cardiology,MHP-PR-037,2026-04-26T01:29,completed,60
MHP-A-000574,MHP-P-00061,Endocrinology,MHP-PR-049,2026-04-17T01:02,completed,15
MHP-A-000575,MHP-P-00010,ENT,MHP-PR-060,2026-08-31T07:17,scheduled,60
MHP-A-000576,MHP-P-00198,ENT,MHP-PR-059,2026-07-04T16:14,completed,60
MHP-A-000577,MHP-P-00128,Pulmonology,MHP-PR-041,2026-09-27T01:45,completed,20
MHP-A-000578,MHP-P-00232,Pulmonology,MHP-PR-015,2026-05-29T10:58,scheduled,20
MHP-A-000579,MHP-P-00198,Gastroenterology,MHP-PR-057,2026-06-04T15:15,completed,15
MHP-A-000580,MHP-P-00221,Gastroenterology,MHP-PR-010,2026-04-19T21:38,completed,60
MHP-A-000581,MHP-P-00116,Neurology,MHP-PR-009,2026-08-18T10:39,scheduled,45
MHP-A-000582,MHP-P-00215,Neurology,MHP-PR-030,2026-09-26T00:51,completed,45
MHP-A-000583,MHP-P-00237,Pulmonology,MHP-PR-022,2026-08-07T23:38,completed,20
MHP-A-000584,MHP-P-00370,Endocrinology,MHP-PR-016,2026-06-26T15:12,completed,60
MHP-A-000585,MHP-P-00099,Pulmonology,MHP-PR-058,2026-09-30T07:58,completed,45
MHP-A-000586,MHP-P-00191,Gastroenterology,MHP-PR-014,2026-09-02T22:26,scheduled,15
MHP-A-000587,MHP-P-00277,ENT,MHP-PR-020,2026-09-10T10:13,scheduled,20
MHP-A-000588,MHP-P-00172,Dermatology,MHP-PR-043,2026-08-30T14:50,cancelled,45
MHP-A-000589,MHP-P-00092,ENT,MHP-PR-002,2026-06-22T13:17,completed,20
MHP-A-000590,MHP-P-00139,Dermatology,MHP-PR-042,2026-09-06T10:45,completed,20
MHP-A-000591,MHP-P-00077,Neurology,MHP-PR-021,2026-10-02T08:28,scheduled,20
MHP-A-000592,MHP-P-00390,ENT,MHP-PR-021,2026-10-26T10:26,completed,15
MHP-A-000593,MHP-P-00346,Orthopaedics,MHP-PR-051,2026-04-28T18:11,scheduled,15
MHP-A-000594,MHP-P-00027,Pulmonology,MHP-PR-055,2026-05-08T07:21,completed,30
MHP-A-000595,MHP-P-00103,Dermatology,MHP-PR-014,2026-07-31T19:41,completed,30
MHP-A-000596,MHP-P-00319,Pulmonology,MHP-PR-038,2026-09-23T19:46,completed,20
MHP-A-000597,MHP-P-00148,Gastroenterology,MHP-PR-007,2026-06-04T10:33,cancelled,20
MHP-A-000598,MHP-P-00083,Neurology,MHP-PR-008,2026-10-27T02:26,cancelled,45
MHP-A-000599,MHP-P-00081,ENT,MHP-PR-045,2026-07-21T14:17,completed,20
MHP-A-000600,MHP-P-00058,Dermatology,MHP-PR-059,2026-09-23T03:48,scheduled,15
MHP-A-000601,MHP-P-00069,Neurology,MHP-PR-031,2026-08-28T16:58,completed,15
MHP-A-000602,MHP-P-00300,Pulmonology,MHP-PR-060,2026-09-21T14:49,completed,20
MHP-A-000603,MHP-P-00229,Cardiology,MHP-PR-032,2026-08-14T21:43,cancelled,15
MHP-A-000604,MHP-P-00189,Orthopaedics,MHP-PR-012,2026-05-25T18:45,completed,45
MHP-A-000605,MHP-P-00076,Orthopaedics,MHP-PR-060,2026-06-18T22:24,no_show,30
MHP-A-000606,MHP-P-00149,Orthopaedics,MHP-PR-023,2026-10-12T12:24,scheduled,60
MHP-A-000607,MHP-P-00213,Dermatology,MHP-PR-024,2026-07-10T12:28,scheduled,30
MHP-A-000608,MHP-P-00266,Cardiology,MHP-PR-032,2026-08-05T02:15,cancelled,15
MHP-A-000609,MHP-P-00332,Endocrinology,MHP-PR-045,2026-07-31T11:03,scheduled,45
MHP-A-000610,MHP-P-00172,Cardiology,MHP-PR-018,2026-09-28T06:41,completed,30
MHP-A-000611,MHP-P-00282,Cardiology,MHP-PR-009,2026-04-07T12:31,completed,15
MHP-A-000612,MHP-P-00154,Neurology,MHP-PR-013,2026-10-02T22:50,completed,15
MHP-A-000613,MHP-P-00355,Gastroenterology,MHP-PR-045,2026-08-27T01:34,completed,60
MHP-A-000614,MHP-P-00217,Neurology,MHP-PR-046,2026-08-14T05:52,scheduled,30
MHP-A-000615,MHP-P-00368,Gastroenterology,MHP-PR-036,2026-06-17T06:59,completed,30
MHP-A-000616,MHP-P-00042,ENT,MHP-PR-059,2026-05-06T07:20,completed,30
MHP-A-000617,MHP-P-00260,Orthopaedics,MHP-PR-002,2026-05-23T06:56,completed,15
MHP-A-000618,MHP-P-00124,Orthopaedics,MHP-PR-012,2026-08-26T09:13,scheduled,60
MHP-A-000619,MHP-P-00121,Orthopaedics,MHP-PR-056,2026-05-02T15:53,scheduled,15
MHP-A-000620,MHP-P-00377,Pulmonology,MHP-PR-056,2026-04-30T17:00,scheduled,45
MHP-A-000621,MHP-P-00323,Pulmonology,MHP-PR-051,2026-05-14T11:25,completed,15
MHP-A-000622,MHP-P-00360,Dermatology,MHP-PR-013,2026-05-04T21:25,scheduled,15
MHP-A-000623,MHP-P-00001,Neurology,MHP-PR-051,2026-07-02T21:25,scheduled,15
MHP-A-000624,MHP-P-00198,Pulmonology,MHP-PR-041,2026-10-25T22:44,scheduled,20
MHP-A-000625,MHP-P-00362,ENT,MHP-PR-039,2026-06-14T15:15,completed,60
MHP-A-000626,MHP-P-00031,ENT,MHP-PR-012,2026-10-17T12:01,scheduled,20
MHP-A-000627,MHP-P-00101,Gastroenterology,MHP-PR-010,2026-06-15T21:49,completed,15
MHP-A-000628,MHP-P-00096,Dermatology,MHP-PR-055,2026-08-06T04:42,completed,20
MHP-A-000629,MHP-P-00083,Neurology,MHP-PR-041,2026-07-27T14:37,completed,60
MHP-A-000630,MHP-P-00327,Gastroenterology,MHP-PR-014,2026-09-16T00:29,scheduled,30
MHP-A-000631,MHP-P-00376,Endocrinology,MHP-PR-034,2026-04-06T02:05,completed,30
MHP-A-000632,MHP-P-00144,Dermatology,MHP-PR-005,2026-04-27T07:20,scheduled,30
MHP-A-000633,MHP-P-00375,Cardiology,MHP-PR-040,2026-09-17T09:46,scheduled,45
MHP-A-000634,MHP-P-00006,Orthopaedics,MHP-PR-021,2026-08-21T18:14,completed,60
MHP-A-000635,MHP-P-00347,Orthopaedics,MHP-PR-037,2026-07-14T07:05,completed,30
MHP-A-000636,MHP-P-00230,Pulmonology,MHP-PR-048,2026-10-06T23:06,completed,30
MHP-A-000637,MHP-P-00390,ENT,MHP-PR-021,2026-06-16T06:35,scheduled,20
MHP-A-000638,MHP-P-00021,Pulmonology,MHP-PR-027,2026-09-30T22:35,cancelled,30
MHP-A-000639,MHP-P-00206,ENT,MHP-PR-056,2026-09-30T17:27,completed,20
MHP-A-000640,MHP-P-00377,Neurology,MHP-PR-027,2026-04-12T21:10,cancelled,30
MHP-A-000641,MHP-P-00195,Dermatology,MHP-PR-026,2026-08-23T09:39,scheduled,20
MHP-A-000642,MHP-P-00077,Dermatology,MHP-PR-014,2026-05-10T05:01,scheduled,45
MHP-A-000643,MHP-P-00076,Gastroenterology,MHP-PR-022,2026-06-19T04:13,scheduled,45
MHP-A-000644,MHP-P-00081,Gastroenterology,MHP-PR-054,2026-07-20T05:04,scheduled,45
MHP-A-000645,MHP-P-00310,ENT,MHP-PR-028,2026-09-19T08:29,no_show,20
MHP-A-000646,MHP-P-00249,Cardiology,MHP-PR-023,2026-05-14T13:05,scheduled,30
MHP-A-000647,MHP-P-00361,ENT,MHP-PR-039,2026-07-24T17:40,scheduled,60
MHP-A-000648,MHP-P-00253,Endocrinology,MHP-PR-027,2026-10-10T20:51,scheduled,30
MHP-A-000649,MHP-P-00323,Dermatology,MHP-PR-022,2026-08-02T00:06,completed,45
MHP-A-000650,MHP-P-00313,Orthopaedics,MHP-PR-039,2026-05-23T15:21,completed,30
MHP-A-000651,MHP-P-00371,Pulmonology,MHP-PR-052,2026-05-23T03:17,completed,45
MHP-A-000652,MHP-P-00032,Cardiology,MHP-PR-029,2026-08-25T01:43,completed,20
MHP-A-000653,MHP-P-00167,Endocrinology,MHP-PR-059,2026-08-02T18:03,completed,45
MHP-A-000654,MHP-P-00143,Pulmonology,MHP-PR-037,2026-08-09T22:42,completed,20
MHP-A-000655,MHP-P-00164,Endocrinology,MHP-PR-046,2026-07-04T10:10,completed,20
MHP-A-000656,MHP-P-00250,ENT,MHP-PR-057,2026-04-10T21:47,completed,15
MHP-A-000657,MHP-P-00196,Dermatology,MHP-PR-040,2026-08-06T07:02,scheduled,45
MHP-A-000658,MHP-P-00236,Gastroenterology,MHP-PR-005,2026-09-24T22:30,completed,20
MHP-A-000659,MHP-P-00394,Gastroenterology,MHP-PR-046,2026-05-28T22:38,completed,15
MHP-A-000660,MHP-P-00242,Endocrinology,MHP-PR-015,2026-04-04T13:27,completed,60
MHP-A-000661,MHP-P-00247,Dermatology,MHP-PR-051,2026-07-18T07:17,no_show,45
MHP-A-000662,MHP-P-00160,Endocrinology,MHP-PR-053,2026-06-15T11:06,no_show,60
MHP-A-000663,MHP-P-00309,Orthopaedics,MHP-PR-019,2026-04-26T21:29,completed,20
MHP-A-000664,MHP-P-00268,Gastroenterology,MHP-PR-016,2026-08-27T09:39,completed,15
MHP-A-000665,MHP-P-00152,Gastroenterology,MHP-PR-014,2026-05-29T07:43,scheduled,15
MHP-A-000666,MHP-P-00333,Neurology,MHP-PR-006,2026-08-24T12:53,completed,20
MHP-A-000667,MHP-P-00228,Neurology,MHP-PR-036,2026-06-03T08:08,completed,30
MHP-A-000668,MHP-P-00055,Gastroenterology,MHP-PR-030,2026-07-19T13:02,scheduled,60
MHP-A-000669,MHP-P-00232,Gastroenterology,MHP-PR-011,2026-05-23T07:02,completed,15
MHP-A-000670,MHP-P-00063,Cardiology,MHP-PR-056,2026-08-08T04:33,completed,30
MHP-A-000671,MHP-P-00072,Pulmonology,MHP-PR-054,2026-08-27T00:31,completed,45
MHP-A-000672,MHP-P-00330,Pulmonology,MHP-PR-026,2026-06-11T12:03,completed,15
MHP-A-000673,MHP-P-00329,Gastroenterology,MHP-PR-021,2026-04-18T16:03,cancelled,15
MHP-A-000674,MHP-P-00370,Dermatology,MHP-PR-032,2026-04-28T04:23,cancelled,20
MHP-A-000675,MHP-P-00077,Orthopaedics,MHP-PR-034,2026-06-05T19:49,no_show,20
MHP-A-000676,MHP-P-00047,Pulmonology,MHP-PR-023,2026-08-12T16:51,scheduled,30
MHP-A-000677,MHP-P-00384,Orthopaedics,MHP-PR-032,2026-09-05T22:29,completed,60
MHP-A-000678,MHP-P-00213,Neurology,MHP-PR-045,2026-06-02T13:33,completed,15
MHP-A-000679,MHP-P-00106,ENT,MHP-PR-011,2026-05-18T03:11,completed,30
MHP-A-000680,MHP-P-00116,Endocrinology,MHP-PR-004,2026-04-12T18:47,scheduled,20
MHP-A-000681,MHP-P-00245,Cardiology,MHP-PR-003,2026-06-27T10:14,completed,20
MHP-A-000682,MHP-P-00070,Pulmonology,MHP-PR-021,2026-08-31T20:59,completed,45
MHP-A-000683,MHP-P-00009,Gastroenterology,MHP-PR-032,2026-04-12T12:09,completed,45
MHP-A-000684,MHP-P-00281,Orthopaedics,MHP-PR-003,2026-06-20T02:17,completed,20
MHP-A-000685,MHP-P-00117,ENT,MHP-PR-001,2026-08-17T01:28,completed,60
MHP-A-000686,MHP-P-00188,Dermatology,MHP-PR-026,2026-06-25T00:14,scheduled,15
MHP-A-000687,MHP-P-00321,Gastroenterology,MHP-PR-018,2026-08-26T17:44,completed,20
MHP-A-000688,MHP-P-00103,Gastroenterology,MHP-PR-022,2026-06-18T09:43,completed,30
MHP-A-000689,MHP-P-00201,Orthopaedics,MHP-PR-042,2026-07-23T04:57,completed,45
MHP-A-000690,MHP-P-00308,Neurology,MHP-PR-014,2026-06-14T03:45,scheduled,45
MHP-A-000691,MHP-P-00054,Endocrinology,MHP-PR-013,2026-07-28T08:14,completed,20
MHP-A-000692,MHP-P-00303,Gastroenterology,MHP-PR-024,2026-09-30T11:44,scheduled,20
MHP-A-000693,MHP-P-00290,Gastroenterology,MHP-PR-014,2026-10-18T20:47,scheduled,15
MHP-A-000694,MHP-P-00110,Dermatology,MHP-PR-056,2026-08-11T01:28,scheduled,45
MHP-A-000695,MHP-P-00368,Pulmonology,MHP-PR-030,2026-09-02T03:05,completed,20
MHP-A-000696,MHP-P-00251,ENT,MHP-PR-036,2026-07-23T04:35,completed,20
MHP-A-000697,MHP-P-00039,Orthopaedics,MHP-PR-057,2026-04-03T11:31,cancelled,60
MHP-A-000698,MHP-P-00025,Cardiology,MHP-PR-018,2026-04-03T09:05,completed,45
MHP-A-000699,MHP-P-00373,Dermatology,MHP-PR-007,2026-04-24T04:00,completed,20
MHP-A-000700,MHP-P-00216,Pulmonology,MHP-PR-005,2026-07-21T02:35,completed,15
MHP-A-000701,MHP-P-00152,Cardiology,MHP-PR-058,2026-05-20T00:11,completed,30
MHP-A-000702,MHP-P-00233,Endocrinology,MHP-PR-008,2026-04-15T04:02,cancelled,45
MHP-A-000703,MHP-P-00089,Cardiology,MHP-PR-008,2026-05-06T19:27,completed,45
MHP-A-000704,MHP-P-00296,Gastroenterology,MHP-PR-018,2026-04-12T03:15,completed,45
MHP-A-000705,MHP-P-00032,Dermatology,MHP-PR-014,2026-04-28T16:18,completed,45
MHP-A-000706,MHP-P-00015,Cardiology,MHP-PR-032,2026-09-18T08:04,completed,45
MHP-A-000707,MHP-P-00089,Cardiology,MHP-PR-037,2026-04-20T11:25,completed,30
MHP-A-000708,MHP-P-00363,Gastroenterology,MHP-PR-047,2026-10-06T11:11,scheduled,30
MHP-A-000709,MHP-P-00012,Gastroenterology,MHP-PR-056,2026-06-15T09:56,scheduled,45
MHP-A-000710,MHP-P-00000,Cardiology,MHP-PR-056,2026-09-19T10:42,completed,45
MHP-A-000711,MHP-P-00118,Cardiology,MHP-PR-019,2026-08-22T18:03,scheduled,30
MHP-A-000712,MHP-P-00233,ENT,MHP-PR-035,2026-06-06T00:36,completed,30
MHP-A-000713,MHP-P-00371,Dermatology,MHP-PR-021,2026-08-16T01:17,completed,60
MHP-A-000714,MHP-P-00205,Pulmonology,MHP-PR-030,2026-08-16T07:20,completed,20
MHP-A-000715,MHP-P-00344,ENT,MHP-PR-044,2026-09-08T18:12,completed,45
MHP-A-000716,MHP-P-00044,Gastroenterology,MHP-PR-057,2026-05-26T19:54,completed,30
MHP-A-000717,MHP-P-00330,ENT,MHP-PR-029,2026-10-29T18:49,cancelled,20
MHP-A-000718,MHP-P-00021,Pulmonology,MHP-PR-033,2026-05-29T16:58,completed,60
MHP-A-000719,MHP-P-00323,Dermatology,MHP-PR-055,2026-05-27T13:25,no_show,20
MHP-A-000720,MHP-P-00354,Neurology,MHP-PR-006,2026-09-13T02:08,cancelled,60
MHP-A-000721,MHP-P-00278,Cardiology,MHP-PR-034,2026-05-13T16:37,completed,30
MHP-A-000722,MHP-P-00281,Dermatology,MHP-PR-048,2026-06-30T10:45,completed,30
MHP-A-000723,MHP-P-00250,Orthopaedics,MHP-PR-021,2026-08-26T08:36,completed,45
MHP-A-000724,MHP-P-00267,Neurology,MHP-PR-015,2026-08-17T17:48,completed,15
MHP-A-000725,MHP-P-00115,ENT,MHP-PR-010,2026-06-15T12:22,completed,60
MHP-A-000726,MHP-P-00055,ENT,MHP-PR-010,2026-05-01T10:00,completed,30
MHP-A-000727,MHP-P-00123,Neurology,MHP-PR-020,2026-06-23T15:17,completed,15
MHP-A-000728,MHP-P-00097,Cardiology,MHP-PR-002,2026-04-15T10:50,scheduled,20
MHP-A-000729,MHP-P-00095,Orthopaedics,MHP-PR-005,2026-07-10T19:10,completed,15
MHP-A-000730,MHP-P-00216,Pulmonology,MHP-PR-043,2026-09-06T21:14,scheduled,60
MHP-A-000731,MHP-P-00153,Pulmonology,MHP-PR-025,2026-08-26T23:28,scheduled,45
MHP-A-000732,MHP-P-00317,ENT,MHP-PR-041,2026-04-19T15:18,completed,15
MHP-A-000733,MHP-P-00255,Pulmonology,MHP-PR-023,2026-04-15T10:19,scheduled,45
MHP-A-000734,MHP-P-00196,Orthopaedics,MHP-PR-028,2026-08-17T17:04,no_show,45
MHP-A-000735,MHP-P-00013,Neurology,MHP-PR-003,2026-10-09T16:20,completed,15
MHP-A-000736,MHP-P-00243,Gastroenterology,MHP-PR-035,2026-05-09T02:57,scheduled,15
MHP-A-000737,MHP-P-00232,Neurology,MHP-PR-048,2026-08-12T09:38,scheduled,45
MHP-A-000738,MHP-P-00017,Pulmonology,MHP-PR-020,2026-09-25T14:28,scheduled,45
MHP-A-000739,MHP-P-00048,Cardiology,MHP-PR-044,2026-05-23T05:37,completed,15
MHP-A-000740,MHP-P-00259,ENT,MHP-PR-005,2026-10-15T08:39,scheduled,30
MHP-A-000741,MHP-P-00356,Neurology,MHP-PR-052,2026-10-28T09:44,completed,15
MHP-A-000742,MHP-P-00129,Orthopaedics,MHP-PR-045,2026-10-21T01:19,completed,45
MHP-A-000743,MHP-P-00150,Dermatology,MHP-PR-003,2026-07-25T02:40,completed,45
MHP-A-000744,MHP-P-00056,Dermatology,MHP-PR-054,2026-05-03T05:01,scheduled,45
MHP-A-000745,MHP-P-00127,Cardiology,MHP-PR-025,2026-06-10T23:19,completed,15
MHP-A-000746,MHP-P-00154,Dermatology,MHP-PR-015,2026-08-13T10:41,cancelled,60
MHP-A-000747,MHP-P-00252,Endocrinology,MHP-PR-046,2026-09-23T01:35,completed,15
MHP-A-000748,MHP-P-00051,Dermatology,MHP-PR-009,2026-05-24T15:19,completed,60
MHP-A-000749,MHP-P-00288,Cardiology,MHP-PR-029,2026-10-13T01:24,completed,45
MHP-A-000750,MHP-P-00010,Pulmonology,MHP-PR-041,2026-05-14T16:02,completed,15
MHP-A-000751,MHP-P-00142,Neurology,MHP-PR-036,2026-09-14T08:42,scheduled,15
MHP-A-000752,MHP-P-00134,Pulmonology,MHP-PR-031,2026-09-06T05:38,completed,20
MHP-A-000753,MHP-P-00070,Orthopaedics,MHP-PR-002,2026-06-05T06:54,scheduled,20
MHP-A-000754,MHP-P-00340,Endocrinology,MHP-PR-029,2026-08-26T08:33,completed,45
MHP-A-000755,MHP-P-00034,Dermatology,MHP-PR-038,2026-09-10T20:49,scheduled,15
MHP-A-000756,MHP-P-00118,Endocrinology,MHP-PR-010,2026-07-29T00:24,scheduled,45
MHP-A-000757,MHP-P-00005,Pulmonology,MHP-PR-004,2026-10-18T12:22,completed,15
MHP-A-000758,MHP-P-00268,Gastroenterology,MHP-PR-038,2026-10-26T09:47,scheduled,20
MHP-A-000759,MHP-P-00163,Endocrinology,MHP-PR-056,2026-10-06T22:33,completed,20
MHP-A-000760,MHP-P-00339,ENT,MHP-PR-031,2026-10-06T07:07,scheduled,20
MHP-A-000761,MHP-P-00198,Orthopaedics,MHP-PR-010,2026-05-22T16:18,cancelled,20
MHP-A-000762,MHP-P-00389,Orthopaedics,MHP-PR-031,2026-10-19T18:05,no_show,15
MHP-A-000763,MHP-P-00289,Dermatology,MHP-PR-016,2026-09-10T23:10,completed,30
MHP-A-000764,MHP-P-00115,Gastroenterology,MHP-PR-027,2026-04-26T13:11,completed,15
MHP-A-000765,MHP-P-00164,Neurology,MHP-PR-002,2026-06-17T04:12,completed,30
MHP-A-000766,MHP-P-00200,ENT,MHP-PR-039,2026-06-29T15:33,completed,20
MHP-A-000767,MHP-P-00245,Neurology,MHP-PR-042,2026-06-03T11:00,scheduled,60
MHP-A-000768,MHP-P-00147,ENT,MHP-PR-050,2026-05-02T12:34,completed,15
MHP-A-000769,MHP-P-00213,Orthopaedics,MHP-PR-036,2026-05-06T07:47,completed,20
MHP-A-000770,MHP-P-00395,Cardiology,MHP-PR-024,2026-07-20T02:27,completed,45
MHP-A-000771,MHP-P-00332,Pulmonology,MHP-PR-020,2026-10-28T06:16,completed,30
MHP-A-000772,MHP-P-00240,ENT,MHP-PR-025,2026-05-26T16:25,completed,15
MHP-A-000773,MHP-P-00354,ENT,MHP-PR-022,2026-10-27T06:29,completed,15
MHP-A-000774,MHP-P-00128,Gastroenterology,MHP-PR-060,2026-07-17T17:14,cancelled,60
MHP-A-000775,MHP-P-00262,Endocrinology,MHP-PR-021,2026-08-07T06:25,cancelled,60
MHP-A-000776,MHP-P-00097,Pulmonology,MHP-PR-020,2026-06-16T21:08,completed,60
MHP-A-000777,MHP-P-00346,Neurology,MHP-PR-018,2026-07-14T20:49,completed,20
MHP-A-000778,MHP-P-00393,Dermatology,MHP-PR-052,2026-07-26T22:44,scheduled,30
MHP-A-000779,MHP-P-00364,Pulmonology,MHP-PR-014,2026-09-30T01:35,completed,20
MHP-A-000780,MHP-P-00060,Gastroenterology,MHP-PR-041,2026-07-08T07:27,scheduled,30
MHP-A-000781,MHP-P-00093,ENT,MHP-PR-024,2026-07-07T18:28,completed,30
MHP-A-000782,MHP-P-00290,ENT,MHP-PR-035,2026-08-13T23:04,scheduled,60
MHP-A-000783,MHP-P-00036,Gastroenterology,MHP-PR-008,2026-08-27T14:48,completed,45
MHP-A-000784,MHP-P-00001,Orthopaedics,MHP-PR-013,2026-07-11T08:00,cancelled,45
MHP-A-000785,MHP-P-00281,Gastroenterology,MHP-PR-033,2026-09-13T16:16,scheduled,15
MHP-A-000786,MHP-P-00218,ENT,MHP-PR-039,2026-05-15T08:22,completed,45
MHP-A-000787,MHP-P-00160,Orthopaedics,MHP-PR-009,2026-06-12T17:01,scheduled,15
MHP-A-000788,MHP-P-00021,Orthopaedics,MHP-PR-018,2026-05-15T02:36,completed,30
MHP-A-000789,MHP-P-00065,Orthopaedics,MHP-PR-060,2026-09-14T18:06,scheduled,60
MHP-A-000790,MHP-P-00030,Cardiology,MHP-PR-008,2026-08-12T11:42,no_show,30
MHP-A-000791,MHP-P-00145,Neurology,MHP-PR-016,2026-07-01T21:18,scheduled,60
MHP-A-000792,MHP-P-00292,Gastroenterology,MHP-PR-060,2026-08-18T16:20,completed,20
MHP-A-000793,MHP-P-00011,Pulmonology,MHP-PR-049,2026-06-27T18:21,scheduled,45
MHP-A-000794,MHP-P-00104,Cardiology,MHP-PR-011,2026-05-08T18:50,completed,60
MHP-A-000795,MHP-P-00138,ENT,MHP-PR-008,2026-05-10T12:50,scheduled,45
MHP-A-000796,MHP-P-00113,Endocrinology,MHP-PR-030,2026-06-06T16:54,cancelled,20
MHP-A-000797,MHP-P-00143,Orthopaedics,MHP-PR-001,2026-07-05T02:30,completed,45
MHP-A-000798,MHP-P-00296,Neurology,MHP-PR-029,2026-06-25T05:55,scheduled,15
MHP-A-000799,MHP-P-00209,ENT,MHP-PR-029,2026-05-31T18:41,completed,45
MHP-A-000800,MHP-P-00314,Neurology,MHP-PR-002,2026-07-17T21:38,scheduled,45
MHP-A-000801,MHP-P-00223,Pulmonology,MHP-PR-021,2026-04-11T10:05,completed,60
MHP-A-000802,MHP-P-00198,ENT,MHP-PR-039,2026-06-22T04:06,completed,15
MHP-A-000803,MHP-P-00307,Neurology,MHP-PR-011,2026-09-07T06:36,scheduled,30
MHP-A-000804,MHP-P-00180,Neurology,MHP-PR-018,2026-07-08T23:39,completed,20
MHP-A-000805,MHP-P-00194,ENT,MHP-PR-002,2026-07-07T03:55,completed,15
MHP-A-000806,MHP-P-00231,Cardiology,MHP-PR-025,2026-08-15T10:20,completed,15
MHP-A-000807,MHP-P-00251,Neurology,MHP-PR-047,2026-09-23T07:45,cancelled,15
MHP-A-000808,MHP-P-00223,Gastroenterology,MHP-PR-023,2026-07-01T03:18,scheduled,30
MHP-A-000809,MHP-P-00245,Dermatology,MHP-PR-011,2026-06-27T11:30,cancelled,60
MHP-A-000810,MHP-P-00306,Endocrinology,MHP-PR-055,2026-04-17T11:16,no_show,30
MHP-A-000811,MHP-P-00024,Endocrinology,MHP-PR-006,2026-06-04T00:41,scheduled,60
MHP-A-000812,MHP-P-00025,Gastroenterology,MHP-PR-006,2026-10-24T08:43,cancelled,45
MHP-A-000813,MHP-P-00076,Gastroenterology,MHP-PR-010,2026-09-19T15:49,scheduled,20
MHP-A-000814,MHP-P-00117,Neurology,MHP-PR-020,2026-06-07T02:05,completed,20
MHP-A-000815,MHP-P-00047,Cardiology,MHP-PR-037,2026-06-10T16:54,scheduled,45
MHP-A-000816,MHP-P-00216,Dermatology,MHP-PR-016,2026-04-10T01:08,completed,20
MHP-A-000817,MHP-P-00308,Orthopaedics,MHP-PR-005,2026-05-12T19:08,scheduled,20
MHP-A-000818,MHP-P-00273,Orthopaedics,MHP-PR-050,2026-09-30T00:09,completed,30
MHP-A-000819,MHP-P-00370,Dermatology,MHP-PR-010,2026-10-27T15:02,cancelled,20
MHP-A-000820,MHP-P-00004,Pulmonology,MHP-PR-055,2026-06-09T02:14,completed,60
MHP-A-000821,MHP-P-00010,Cardiology,MHP-PR-026,2026-05-25T18:49,scheduled,45
MHP-A-000822,MHP-P-00079,Dermatology,MHP-PR-016,2026-08-23T23:28,completed,30
MHP-A-000823,MHP-P-00236,Endocrinology,MHP-PR-030,2026-06-10T09:28,completed,20
MHP-A-000824,MHP-P-00082,Cardiology,MHP-PR-005,2026-08-27T22:51,scheduled,30
MHP-A-000825,MHP-P-00235,ENT,MHP-PR-044,2026-09-03T18:49,completed,45
MHP-A-000826,MHP-P-00268,ENT,MHP-PR-042,2026-10-22T04:32,completed,60
MHP-A-000827,MHP-P-00295,Neurology,MHP-PR-049,2026-07-10T00:29,completed,45
MHP-A-000828,MHP-P-00085,ENT,MHP-PR-009,2026-04-17T12:25,scheduled,60
MHP-A-000829,MHP-P-00188,Gastroenterology,MHP-PR-008,2026-09-10T12:58,completed,30
MHP-A-000830,MHP-P-00191,Cardiology,MHP-PR-021,2026-10-09T14:14,scheduled,15
MHP-A-000831,MHP-P-00110,Neurology,MHP-PR-050,2026-05-30T12:43,completed,60
MHP-A-000832,MHP-P-00388,Dermatology,MHP-PR-042,2026-07-29T15:35,completed,20
MHP-A-000833,MHP-P-00008,Endocrinology,MHP-PR-058,2026-09-20T21:01,scheduled,45
MHP-A-000834,MHP-P-00238,ENT,MHP-PR-024,2026-06-21T20:52,completed,45
MHP-A-000835,MHP-P-00026,Endocrinology,MHP-PR-010,2026-05-12T17:02,scheduled,15
MHP-A-000836,MHP-P-00179,ENT,MHP-PR-059,2026-08-31T11:58,cancelled,45
MHP-A-000837,MHP-P-00039,Gastroenterology,MHP-PR-023,2026-10-19T10:25,completed,15
MHP-A-000838,MHP-P-00245,Orthopaedics,MHP-PR-023,2026-08-10T02:21,scheduled,60
MHP-A-000839,MHP-P-00084,Cardiology,MHP-PR-007,2026-05-30T01:15,completed,60
MHP-A-000840,MHP-P-00138,Cardiology,MHP-PR-002,2026-10-18T05:56,scheduled,60
MHP-A-000841,MHP-P-00190,Cardiology,MHP-PR-029,2026-09-07T01:04,completed,60
MHP-A-000842,MHP-P-00235,Pulmonology,MHP-PR-040,2026-08-08T04:37,scheduled,15
MHP-A-000843,MHP-P-00264,Orthopaedics,MHP-PR-057,2026-09-20T15:09,completed,45
MHP-A-000844,MHP-P-00390,Cardiology,MHP-PR-043,2026-10-16T20:46,scheduled,20
MHP-A-000845,MHP-P-00193,Pulmonology,MHP-PR-043,2026-09-21T04:48,completed,30
MHP-A-000846,MHP-P-00073,Dermatology,MHP-PR-049,2026-06-18T14:58,scheduled,45
MHP-A-000847,MHP-P-00141,Neurology,MHP-PR-015,2026-04-19T15:27,scheduled,15
MHP-A-000848,MHP-P-00068,Endocrinology,MHP-PR-027,2026-06-17T14:04,completed,20
MHP-A-000849,MHP-P-00218,Gastroenterology,MHP-PR-059,2026-06-24T04:04,scheduled,15
MHP-A-000850,MHP-P-00083,Cardiology,MHP-PR-017,2026-10-07T19:45,completed,20
MHP-A-000851,MHP-P-00239,Dermatology,MHP-PR-060,2026-10-12T00:35,scheduled,45
MHP-A-000852,MHP-P-00175,Pulmonology,MHP-PR-055,2026-10-02T11:42,no_show,30
MHP-A-000853,MHP-P-00295,Pulmonology,MHP-PR-041,2026-08-08T04:30,completed,60
MHP-A-000854,MHP-P-00266,Gastroenterology,MHP-PR-052,2026-07-07T15:19,scheduled,15
MHP-A-000855,MHP-P-00222,ENT,MHP-PR-018,2026-08-08T19:36,cancelled,30
MHP-A-000856,MHP-P-00255,Neurology,MHP-PR-004,2026-07-29T00:23,completed,30
MHP-A-000857,MHP-P-00054,Dermatology,MHP-PR-036,2026-06-29T05:20,completed,20
MHP-A-000858,MHP-P-00127,ENT,MHP-PR-058,2026-06-01T21:28,cancelled,60
MHP-A-000859,MHP-P-00258,Pulmonology,MHP-PR-027,2026-09-05T15:52,completed,30
MHP-A-000860,MHP-P-00153,Orthopaedics,MHP-PR-016,2026-06-05T11:06,completed,15
MHP-A-000861,MHP-P-00396,Pulmonology,MHP-PR-060,2026-04-25T11:22,completed,45
MHP-A-000862,MHP-P-00078,Neurology,MHP-PR-031,2026-04-15T06:10,completed,30
MHP-A-000863,MHP-P-00060,Gastroenterology,MHP-PR-016,2026-10-09T07:41,cancelled,45
MHP-A-000864,MHP-P-00202,Endocrinology,MHP-PR-026,2026-09-17T09:52,completed,30
MHP-A-000865,MHP-P-00124,Dermatology,MHP-PR-022,2026-06-04T04:46,completed,60
MHP-A-000866,MHP-P-00192,Orthopaedics,MHP-PR-007,2026-05-05T06:10,scheduled,15
MHP-A-000867,MHP-P-00076,Neurology,MHP-PR-032,2026-05-09T05:26,cancelled,20
MHP-A-000868,MHP-P-00026,Cardiology,MHP-PR-031,2026-06-11T08:06,scheduled,30
MHP-A-000869,MHP-P-00187,Pulmonology,MHP-PR-043,2026-05-07T08:44,scheduled,30
MHP-A-000870,MHP-P-00169,Orthopaedics,MHP-PR-003,2026-05-05T08:31,no_show,60
MHP-A-000871,MHP-P-00000,Endocrinology,MHP-PR-051,2026-06-08T08:54,cancelled,45
MHP-A-000872,MHP-P-00055,Gastroenterology,MHP-PR-038,2026-07-25T13:18,completed,60
MHP-A-000873,MHP-P-00036,Gastroenterology,MHP-PR-009,2026-04-28T14:18,completed,30
MHP-A-000874,MHP-P-00080,Orthopaedics,MHP-PR-032,2026-06-29T06:53,completed,15
MHP-A-000875,MHP-P-00201,Pulmonology,MHP-PR-043,2026-06-05T14:28,completed,45
MHP-A-000876,MHP-P-00183,Gastroenterology,MHP-PR-019,2026-09-06T03:28,completed,20
MHP-A-000877,MHP-P-00158,Pulmonology,MHP-PR-014,2026-07-05T20:18,completed,20
MHP-A-000878,MHP-P-00018,Orthopaedics,MHP-PR-004,2026-05-19T02:12,scheduled,45
MHP-A-000879,MHP-P-00064,Dermatology,MHP-PR-047,2026-05-01T21:31,scheduled,30
MHP-A-000880,MHP-P-00352,Pulmonology,MHP-PR-038,2026-07-05T07:00,completed,45
MHP-A-000881,MHP-P-00209,Orthopaedics,MHP-PR-060,2026-07-29T20:55,cancelled,20
MHP-A-000882,MHP-P-00242,Cardiology,MHP-PR-024,2026-06-03T03:58,completed,30
MHP-A-000883,MHP-P-00033,Cardiology,MHP-PR-003,2026-07-10T07:30,completed,45
MHP-A-000884,MHP-P-00237,Neurology,MHP-PR-051,2026-08-07T00:58,completed,30
MHP-A-000885,MHP-P-00381,Neurology,MHP-PR-043,2026-08-03T15:02,no_show,60
MHP-A-000886,MHP-P-00358,Dermatology,MHP-PR-001,2026-06-06T03:15,no_show,45
MHP-A-000887,MHP-P-00047,ENT,MHP-PR-057,2026-08-11T07:17,scheduled,20
MHP-A-000888,MHP-P-00122,ENT,MHP-PR-018,2026-06-20T22:09,completed,45
MHP-A-000889,MHP-P-00019,Cardiology,MHP-PR-041,2026-08-21T11:13,completed,60
MHP-A-000890,MHP-P-00190,Pulmonology,MHP-PR-001,2026-05-13T23:55,completed,60
MHP-A-000891,MHP-P-00103,Endocrinology,MHP-PR-010,2026-08-10T12:17,completed,60
MHP-A-000892,MHP-P-00140,Neurology,MHP-PR-057,2026-10-25T17:10,no_show,60
MHP-A-000893,MHP-P-00313,Endocrinology,MHP-PR-028,2026-04-18T16:28,completed,60
MHP-A-000894,MHP-P-00280,Gastroenterology,MHP-PR-035,2026-09-27T15:17,scheduled,30
MHP-A-000895,MHP-P-00009,Neurology,MHP-PR-038,2026-04-27T18:19,completed,45
MHP-A-000896,MHP-P-00237,Endocrinology,MHP-PR-060,2026-08-03T18:41,completed,20
MHP-A-000897,MHP-P-00230,Gastroenterology,MHP-PR-020,2026-04-18T09:48,completed,60
MHP-A-000898,MHP-P-00130,Neurology,MHP-PR-017,2026-04-05T00:56,completed,15
MHP-A-000899,MHP-P-00113,ENT,MHP-PR-016,2026-09-04T13:07,scheduled,15
