patient_ref,given_name,family_name,birth_date,plan_code,member_number,eligibility_status,deductible_met_usd,primary_site
MHP-P-00000,Justin,Evans,1981-12-26,CIVIC-BASE,CIV37113563,active,0,MHP-SITE-11
MHP-P-00001,Brenda,Duarte,1987-03-29,MERIDIAN-GOLD,MER90272292,pending_verification,500,MHP-SITE-12
MHP-P-00002,Tracy,Hernandez,1996-07-20,MERIDIAN-BRONZE,MER47329499,active,0,MHP-SITE-09
MHP-P-00003,Amanda,Reed,1950-06-16,CIVIC-BASE,CIV48715788,active,0,MHP-SITE-14
MHP-P-00004,Andrea,Daniels,1977-11-06,MERIDIAN-BRONZE,MER42514108,active,0,MHP-SITE-11
MHP-P-00005,Stanley,Morris,1946-12-06,MERIDIAN-SILVER,MER39855935,active,500,MHP-SITE-09
MHP-P-00006,Jacob,Terry,1992-02-17,MERIDIAN-BRONZE,MER69372673,active,0,MHP-SITE-14
MHP-P-00007,Ashley,Hall,2002-04-26,CIVIC-BASE,CIV35832275,active,0,MHP-SITE-04
MHP-P-00008,Kimberly,Williams,2000-05-13,MERIDIAN-SILVER,MER33310374,active,0,MHP-SITE-04
MHP-P-00009,Julie,Thornton,1970-05-10,MERIDIAN-GOLD,MER72689644,active,1500,MHP-SITE-04
MHP-P-00010,Lisa,Hughes,1970-07-22,MERIDIAN-SILVER,MER33680772,active,250,MHP-SITE-05
MHP-P-00011,Elizabeth,Hoover,1951-07-29,CIVIC-BASE,CIV37031585,active,500,MHP-SITE-02
MHP-P-00012,Tina,Simpson,1972-11-13,MERIDIAN-BRONZE,MER60696383,active,500,MHP-SITE-07
MHP-P-00013,Benjamin,Shaw,1940-05-20,CIVIC-BASE,CIV30921653,active,500,MHP-SITE-01
MHP-P-00014,Brittany,Kane,1970-04-03,CIVIC-BASE,CIV21171324,active,250,MHP-SITE-10
MHP-P-00015,Morgan,Alexander,1958-12-31,MERIDIAN-SILVER,MER33581963,active,500,MHP-SITE-05
MHP-P-00016,Alicia,Bryant,1983-03-10,CIVIC-BASE,CIV60351362,active,500,MHP-SITE-02
MHP-P-00017,Jennifer,Ortiz,1996-05-03,MERIDIAN-BRONZE,MER72982807,active,0,MHP-SITE-01
MHP-P-00018,Diana,Moore,1963-09-05,MERIDIAN-GOLD,MER60232033,active,500,MHP-SITE-07
MHP-P-00019,Terrance,Costa,1974-02-21,MERIDIAN-BRONZE,MER75706438,active,900,MHP-SITE-02
MHP-P-00020,Matthew,Schwartz,2005-02-10,CIVIC-BASE,CIV26707088,active,900,MHP-SITE-03
MHP-P-00021,Debra,Christian,1940-02-24,MERIDIAN-SILVER,MER68558918,pending_verification,1500,MHP-SITE-06
MHP-P-00022,Melissa,Villarreal,1951-08-18,CIVIC-BASE,CIV59416355,active,1500,MHP-SITE-07
MHP-P-00023,Norman,Stewart,1942-08-06,CIVIC-BASE,CIV43123836,active,0,MHP-SITE-14
MHP-P-00024,Jennifer,Malone,1951-12-28,MERIDIAN-BRONZE,MER13792466,active,1500,MHP-SITE-03
MHP-P-00025,Monique,Johnson,1954-04-13,MERIDIAN-BRONZE,MER71132251,pending_verification,0,MHP-SITE-05
MHP-P-00026,Casey,Welch,1954-07-29,MERIDIAN-SILVER,MER87623721,pending_verification,0,MHP-SITE-01
MHP-P-00027,Samantha,Bright,1939-06-06,MERIDIAN-GOLD,MER22389075,active,500,MHP-SITE-07
MHP-P-00028,Julie,Hamilton,1962-01-28,MERIDIAN-GOLD,MER35343427,lapsed,0,MHP-SITE-14
MHP-P-00029,Corey,Schultz,1985-11-28,CIVIC-BASE,CIV50563223,active,900,MHP-SITE-11
MHP-P-00030,Monique,Wallace,1956-01-07,CIVIC-BASE,CIV51336223,active,1500,MHP-SITE-14
MHP-P-00031,Heather,Berger,1998-10-17,MERIDIAN-GOLD,MER95386667,active,250,MHP-SITE-14
MHP-P-00032,Brandon,Flynn,1984-06-17,MERIDIAN-SILVER,MER38122043,lapsed,500,MHP-SITE-12
MHP-P-00033,Kelly,Brooks,2008-01-08,MERIDIAN-BRONZE,MER32602089,active,0,MHP-SITE-02
MHP-P-00034,Dustin,Schmidt,1939-03-07,MERIDIAN-GOLD,MER66081482,active,1500,MHP-SITE-05
MHP-P-00035,Ashlee,Sparks,1993-04-15,CIVIC-BASE,CIV33676181,active,1500,MHP-SITE-03
MHP-P-00036,George,Miller,1964-12-14,MERIDIAN-SILVER,MER34425523,active,0,MHP-SITE-08
MHP-P-00037,Monica,Harvey,1991-12-11,MERIDIAN-SILVER,MER36969824,active,0,MHP-SITE-13
MHP-P-00038,John,Durham,1985-04-30,MERIDIAN-SILVER,MER64867187,active,900,MHP-SITE-02
MHP-P-00039,Douglas,Murray,2001-06-08,MERIDIAN-SILVER,MER49342650,active,0,MHP-SITE-05
MHP-P-00040,Jonathan,Scott,1977-11-25,MERIDIAN-GOLD,MER13981790,active,500,MHP-SITE-08
MHP-P-00041,Albert,Ballard,2007-09-29,MERIDIAN-GOLD,MER18194860,active,0,MHP-SITE-11
MHP-P-00042,Rachel,Byrd,1999-11-28,MERIDIAN-GOLD,MER38329115,active,0,MHP-SITE-07
MHP-P-00043,Eric,Alexander,1965-01-01,MERIDIAN-BRONZE,MER73516094,active,900,MHP-SITE-07
MHP-P-00044,Michael,Matthews,1975-05-02,MERIDIAN-BRONZE,MER56047075,pending_verification,0,MHP-SITE-06
MHP-P-00045,Danielle,Coleman,1974-08-24,CIVIC-BASE,CIV91981404,active,250,MHP-SITE-14
MHP-P-00046,John,Bruce,1999-08-11,MERIDIAN-BRONZE,MER10414016,active,1500,MHP-SITE-07
MHP-P-00047,James,Cruz,2006-04-17,MERIDIAN-SILVER,MER90786882,active,900,MHP-SITE-05
MHP-P-00048,Timothy,Young,1975-07-18,MERIDIAN-SILVER,MER70655417,active,1500,MHP-SITE-14
MHP-P-00049,Ashley,Andrews,1962-05-27,CIVIC-BASE,CIV65448912,active,0,MHP-SITE-11
MHP-P-00050,Victoria,Phillips,2007-02-08,MERIDIAN-BRONZE,MER95064149,active,0,MHP-SITE-13
MHP-P-00051,Tiffany,Barrett,1947-10-11,MERIDIAN-BRONZE,MER69633763,active,500,MHP-SITE-07
MHP-P-00052,Joshua,Knight,1977-05-06,MERIDIAN-GOLD,MER67433950,lapsed,500,MHP-SITE-11
MHP-P-00053,Gina,Garner,1942-09-21,MERIDIAN-GOLD,MER61654839,active,0,MHP-SITE-12
MHP-P-00054,Brandon,Obrien,1961-12-09,MERIDIAN-SILVER,MER86758128,active,1500,MHP-SITE-09
MHP-P-00055,Tyler,Strong,1997-02-15,MERIDIAN-GOLD,MER76830369,active,250,MHP-SITE-14
MHP-P-00056,Justin,Lindsey,1993-07-09,CIVIC-BASE,CIV69899586,pending_verification,500,MHP-SITE-11
MHP-P-00057,Catherine,Gomez,1986-10-06,MERIDIAN-SILVER,MER38405950,active,1500,MHP-SITE-12
MHP-P-00058,Dana,Oliver,1999-02-18,MERIDIAN-GOLD,MER68370404,pending_verification,0,MHP-SITE-03
MHP-P-00059,Erica,Le,1974-03-11,MERIDIAN-BRONZE,MER47628993,active,250,MHP-SITE-11
MHP-P-00060,Donna,Massey,1948-06-07,CIVIC-BASE,CIV26521948,active,900,MHP-SITE-11
MHP-P-00061,Courtney,Berger,2000-06-25,CIVIC-BASE,CIV54667809,lapsed,900,MHP-SITE-13
MHP-P-00062,Debbie,Parker,1950-10-27,MERIDIAN-GOLD,MER56066984,active,1500,MHP-SITE-12
MHP-P-00063,Scott,Riley,1949-12-06,CIVIC-BASE,CIV96181498,active,500,MHP-SITE-13
MHP-P-00064,Jessica,Davis,1988-07-16,MERIDIAN-SILVER,MER44775001,active,0,MHP-SITE-02
MHP-P-00065,Kenneth,Burgess,1978-01-27,MERIDIAN-GOLD,MER89483803,lapsed,1500,MHP-SITE-02
MHP-P-00066,Gregory,Anderson,1997-03-01,MERIDIAN-BRONZE,MER52060116,pending_verification,900,MHP-SITE-12
MHP-P-00067,Amber,Mata,1980-09-17,MERIDIAN-GOLD,MER18306055,active,0,MHP-SITE-14
MHP-P-00068,Alyssa,Mcintyre,1970-08-02,CIVIC-BASE,CIV52901755,active,1500,MHP-SITE-13
MHP-P-00069,Maria,Scott,1961-12-19,MERIDIAN-SILVER,MER99086047,active,0,MHP-SITE-02
MHP-P-00070,Makayla,Olson,2007-10-09,CIVIC-BASE,CIV82248455,active,250,MHP-SITE-03
MHP-P-00071,Lindsay,Francis,1988-12-15,MERIDIAN-BRONZE,MER77086404,active,0,MHP-SITE-10
MHP-P-00072,Matthew,Wilson,1995-07-06,MERIDIAN-BRONZE,MER99301859,active,1500,MHP-SITE-01
MHP-P-00073,Sydney,Taylor,1980-11-19,MERIDIAN-BRONZE,MER77428032,pending_verification,0,MHP-SITE-05
MHP-P-00074,Tammy,Dalton,1951-12-24,CIVIC-BASE,CIV38951443,active,1500,MHP-SITE-07
MHP-P-00075,Jennifer,Whitney,1978-09-16,MERIDIAN-GOLD,MER30495346,active,0,MHP-SITE-14
MHP-P-00076,Tammy,Ballard,1945-10-05,MERIDIAN-SILVER,MER17055329,lapsed,0,MHP-SITE-14
MHP-P-00077,Michael,Gibbs,1943-05-04,CIVIC-BASE,CIV62587561,active,1500,MHP-SITE-14
MHP-P-00078,Alexander,Herrera,2006-08-30,MERIDIAN-SILVER,MER83543652,active,500,MHP-SITE-11
MHP-P-00079,Shawn,Chambers,1977-05-07,CIVIC-BASE,CIV62527814,active,900,MHP-SITE-12
MHP-P-00080,Emily,Richards,1983-04-07,MERIDIAN-BRONZE,MER36184828,active,900,MHP-SITE-07
MHP-P-00081,Lynn,Bentley,1996-11-07,MERIDIAN-GOLD,MER53408507,active,900,MHP-SITE-14
MHP-P-00082,Daniel,Hall,1944-12-08,MERIDIAN-GOLD,MER50812122,active,0,MHP-SITE-10
MHP-P-00083,Angel,Henson,1968-12-14,MERIDIAN-SILVER,MER74752231,active,0,MHP-SITE-04
MHP-P-00084,Anna,Herman,1941-06-16,MERIDIAN-SILVER,MER36260378,active,0,MHP-SITE-06
MHP-P-00085,Jeffrey,Brown,1947-09-28,MERIDIAN-GOLD,MER29811269,active,500,MHP-SITE-11
MHP-P-00086,Madison,Blankenship,2003-07-18,MERIDIAN-SILVER,MER22891308,active,500,MHP-SITE-03
MHP-P-00087,Kevin,Ortiz,1998-01-25,MERIDIAN-GOLD,MER79180538,active,900,MHP-SITE-07
MHP-P-00088,Donald,Shah,1952-05-07,MERIDIAN-SILVER,MER64223156,active,0,MHP-SITE-04
MHP-P-00089,Kevin,Vasquez,1964-10-04,CIVIC-BASE,CIV50626311,active,0,MHP-SITE-11
MHP-P-00090,Colton,Clay,1938-12-28,CIVIC-BASE,CIV98384904,active,500,MHP-SITE-14
MHP-P-00091,Derek,Chavez,1983-11-27,CIVIC-BASE,CIV94870367,active,250,MHP-SITE-01
MHP-P-00092,Ellen,Paul,1998-02-18,MERIDIAN-GOLD,MER21091349,active,1500,MHP-SITE-11
MHP-P-00093,Sonya,Barnes,2006-07-13,MERIDIAN-SILVER,MER88765739,active,900,MHP-SITE-08
MHP-P-00094,Julia,Moore,1946-05-11,MERIDIAN-BRONZE,MER22690720,active,0,MHP-SITE-07
MHP-P-00095,Robert,Garcia,1950-10-07,CIVIC-BASE,CIV68204387,active,0,MHP-SITE-02
MHP-P-00096,Tracy,Russell,2002-11-25,MERIDIAN-BRONZE,MER82143514,active,1500,MHP-SITE-01
MHP-P-00097,Stephanie,Johnson,1958-09-17,CIVIC-BASE,CIV81996642,active,900,MHP-SITE-08
MHP-P-00098,Mitchell,Ramos,1962-01-16,MERIDIAN-GOLD,MER88479996,active,1500,MHP-SITE-02
MHP-P-00099,Stephanie,Foley,1949-07-06,MERIDIAN-SILVER,MER25747238,active,900,MHP-SITE-12
MHP-P-00100,Cory,Jennings,2008-02-13,MERIDIAN-SILVER,MER84453495,active,250,MHP-SITE-02
MHP-P-00101,Amy,Levine,1997-01-14,MERIDIAN-GOLD,MER87186069,active,0,MHP-SITE-02
MHP-P-00102,Michael,Sanders,1941-01-13,MERIDIAN-BRONZE,MER14698329,active,0,MHP-SITE-09
MHP-P-00103,James,Martinez,1975-12-24,MERIDIAN-BRONZE,MER83071775,active,1500,MHP-SITE-01
MHP-P-00104,Melanie,Gibson,1981-08-17,MERIDIAN-SILVER,MER16196330,pending_verification,900,MHP-SITE-13
MHP-P-00105,Elizabeth,May,1949-06-17,MERIDIAN-BRONZE,MER81686010,active,900,MHP-SITE-08
MHP-P-00106,Carla,Smith,1961-09-15,MERIDIAN-BRONZE,MER57260360,active,900,MHP-SITE-04
MHP-P-00107,Kristin,Sanchez,1949-02-24,MERIDIAN-GOLD,MER16004304,active,0,MHP-SITE-03
MHP-P-00108,David,Cunningham,1989-04-15,MERIDIAN-BRONZE,MER28013093,active,0,MHP-SITE-10
MHP-P-00109,Casey,Hubbard,1983-09-17,MERIDIAN-BRONZE,MER27245919,active,500,MHP-SITE-02
MHP-P-00110,Jamie,Robinson,1985-03-18,MERIDIAN-BRONZE,MER61241954,active,0,MHP-SITE-07
MHP-P-00111,Molly,Murphy,2001-02-15,CIVIC-BASE,CIV44115380,active,1500,MHP-SITE-03
MHP-P-00112,Dylan,Lester,2002-04-07,MERIDIAN-SILVER,MER94499213,active,1500,MHP-SITE-12
MHP-P-00113,Aaron,Garrison,1944-07-02,MERIDIAN-SILVER,MER59948088,active,1500,MHP-SITE-14
MHP-P-00114,Duane,Anderson,1970-12-11,MERIDIAN-SILVER,MER30601268,active,500,MHP-SITE-07
MHP-P-00115,John,Thompson,1954-06-11,MERIDIAN-GOLD,MER43218577,active,0,MHP-SITE-09
MHP-P-00116,Donna,Johnson,1947-03-27,MERIDIAN-GOLD,MER83600812,active,250,MHP-SITE-11
MHP-P-00117,Alexis,Tyler,1976-01-18,MERIDIAN-GOLD,MER54763940,active,0,MHP-SITE-14
MHP-P-00118,John,Morris,1984-01-18,MERIDIAN-SILVER,MER11323834,active,0,MHP-SITE-07
MHP-P-00119,Grant,Williams,1997-07-08,MERIDIAN-GOLD,MER33586265,active,250,MHP-SITE-10
MHP-P-00120,Judy,Fox,2000-01-10,CIVIC-BASE,CIV80995825,active,900,MHP-SITE-14
MHP-P-00121,Julie,Alvarez,1959-02-12,MERIDIAN-BRONZE,MER46380247,active,0,MHP-SITE-03
MHP-P-00122,Kimberly,Palmer,1941-02-21,MERIDIAN-BRONZE,MER62286305,active,1500,MHP-SITE-11
MHP-P-00123,Daniel,Gordon,1965-10-25,CIVIC-BASE,CIV89498519,active,0,MHP-SITE-11
MHP-P-00124,Sonia,Williams,1949-08-08,MERIDIAN-SILVER,MER26960874,active,900,MHP-SITE-12
MHP-P-00125,Krista,Camacho,2003-11-08,MERIDIAN-BRONZE,MER95791097,pending_verification,1500,MHP-SITE-13
MHP-P-00126,Adrienne,Ellis,1947-10-02,MERIDIAN-SILVER,MER91698732,active,500,MHP-SITE-03
MHP-P-00127,Tamara,Brown,1976-11-02,CIVIC-BASE,CIV72903261,active,250,MHP-SITE-07
MHP-P-00128,Timothy,Morales,1981-03-20,MERIDIAN-SILVER,MER95313518,active,250,MHP-SITE-07
MHP-P-00129,Gina,Henry,2000-07-05,MERIDIAN-BRONZE,MER95184862,active,1500,MHP-SITE-04
MHP-P-00130,Renee,Jones,1993-10-13,MERIDIAN-GOLD,MER87217700,active,1500,MHP-SITE-05
MHP-P-00131,Christopher,Franklin,2007-08-21,CIVIC-BASE,CIV66906118,active,1500,MHP-SITE-03
MHP-P-00132,Cameron,Hill,1963-12-08,CIVIC-BASE,CIV79123671,active,1500,MHP-SITE-09
MHP-P-00133,Cynthia,Kelley,1972-03-21,MERIDIAN-GOLD,MER11865661,active,1500,MHP-SITE-01
MHP-P-00134,Mark,Vang,1945-07-25,CIVIC-BASE,CIV81715863,active,0,MHP-SITE-12
MHP-P-00135,Alyssa,Chavez,1954-02-08,MERIDIAN-GOLD,MER70217057,pending_verification,1500,MHP-SITE-13
MHP-P-00136,Catherine,Garcia,1992-11-29,MERIDIAN-SILVER,MER20082754,active,0,MHP-SITE-09
MHP-P-00137,Jacqueline,Farrell,2004-01-11,MERIDIAN-BRONZE,MER66736822,active,0,MHP-SITE-06
MHP-P-00138,Debra,Mack,1978-04-11,MERIDIAN-GOLD,MER43522920,active,0,MHP-SITE-05
MHP-P-00139,Jennifer,Lewis,1965-04-02,MERIDIAN-BRONZE,MER49398948,active,0,MHP-SITE-12
MHP-P-00140,Shannon,Perez,1989-02-01,CIVIC-BASE,CIV50912220,lapsed,1500,MHP-SITE-09
MHP-P-00141,Matthew,Chavez,1967-01-20,MERIDIAN-GOLD,MER92912825,active,0,MHP-SITE-06
MHP-P-00142,Robert,Davis,1953-05-17,MERIDIAN-GOLD,MER71787651,active,250,MHP-SITE-02
MHP-P-00143,Ronald,Ortega,1977-03-22,MERIDIAN-GOLD,MER34985664,active,0,MHP-SITE-02
MHP-P-00144,Nicholas,Hernandez,1964-06-14,CIVIC-BASE,CIV36513965,active,900,MHP-SITE-03
MHP-P-00145,Sandra,Jones,1997-06-26,CIVIC-BASE,CIV75419352,active,1500,MHP-SITE-05
MHP-P-00146,Marie,Davis,1966-05-15,MERIDIAN-SILVER,MER63064163,active,250,MHP-SITE-07
MHP-P-00147,Colin,Rodgers,1960-06-21,MERIDIAN-SILVER,MER46169218,active,500,MHP-SITE-11
MHP-P-00148,Lisa,Hawkins,1994-01-29,CIVIC-BASE,CIV28773624,active,500,MHP-SITE-01
MHP-P-00149,Brenda,Hoffman,1944-12-20,MERIDIAN-BRONZE,MER36637470,active,250,MHP-SITE-01
MHP-P-00150,Mark,Martinez,1973-03-14,MERIDIAN-SILVER,MER66513148,active,0,MHP-SITE-03
MHP-P-00151,Michael,Ortega,1965-08-06,MERIDIAN-SILVER,MER99287389,pending_verification,0,MHP-SITE-07
MHP-P-00152,Karen,Parrish,1959-03-30,CIVIC-BASE,CIV76513956,active,1500,MHP-SITE-03
MHP-P-00153,Jennifer,Schmitt,1941-03-19,MERIDIAN-BRONZE,MER63670451,active,1500,MHP-SITE-14
MHP-P-00154,Caroline,Bell,1996-10-21,CIVIC-BASE,CIV24728084,pending_verification,0,MHP-SITE-03
MHP-P-00155,Becky,Lewis,1977-09-21,MERIDIAN-SILVER,MER77108989,active,1500,MHP-SITE-04
MHP-P-00156,Diane,Walker,1947-09-29,MERIDIAN-GOLD,MER55921387,active,900,MHP-SITE-12
MHP-P-00157,Daniel,Bruce,1969-08-18,MERIDIAN-GOLD,MER74450415,active,500,MHP-SITE-02
MHP-P-00158,Michael,Farmer,1986-05-15,CIVIC-BASE,CIV92894635,active,900,MHP-SITE-03
MHP-P-00159,Audrey,Aguirre,1983-05-17,MERIDIAN-SILVER,MER25437721,lapsed,1500,MHP-SITE-04
MHP-P-00160,Megan,Villegas,1990-10-18,CIVIC-BASE,CIV73604818,active,0,MHP-SITE-12
MHP-P-00161,Loretta,Austin,1991-09-02,MERIDIAN-SILVER,MER89349010,active,0,MHP-SITE-04
MHP-P-00162,Dawn,Johnson,1996-09-22,MERIDIAN-GOLD,MER63859314,active,0,MHP-SITE-03
MHP-P-00163,Sarah,Gallegos,2007-01-05,CIVIC-BASE,CIV92740848,active,0,MHP-SITE-07
MHP-P-00164,Joseph,White,1961-07-01,CIVIC-BASE,CIV51130478,active,0,MHP-SITE-04
MHP-P-00165,Jacqueline,Parker,1970-05-16,MERIDIAN-BRONZE,MER74316496,active,500,MHP-SITE-11
MHP-P-00166,Matthew,Smith,1981-04-19,MERIDIAN-GOLD,MER24771325,active,250,MHP-SITE-06
MHP-P-00167,Molly,Knight,1986-06-10,CIVIC-BASE,CIV52928316,lapsed,0,MHP-SITE-01
MHP-P-00168,Richard,Thomas,2003-12-02,MERIDIAN-GOLD,MER98641515,active,0,MHP-SITE-05
MHP-P-00169,Cynthia,Johnson,1983-06-18,CIVIC-BASE,CIV91405981,active,0,MHP-SITE-05
MHP-P-00170,Julie,Lewis,1975-12-24,CIVIC-BASE,CIV54866590,active,0,MHP-SITE-11
MHP-P-00171,Robert,Peterson,1947-04-29,MERIDIAN-GOLD,MER84057077,active,0,MHP-SITE-06
MHP-P-00172,Mitchell,Griffith,1942-02-03,MERIDIAN-BRONZE,MER58504268,active,900,MHP-SITE-09
MHP-P-00173,Kimberly,Bradley,1987-03-22,MERIDIAN-BRONZE,MER97274855,active,900,MHP-SITE-07
MHP-P-00174,Christopher,Williams,1999-01-20,MERIDIAN-GOLD,MER27513454,active,900,MHP-SITE-02
MHP-P-00175,Eric,Williamson,1955-12-22,MERIDIAN-GOLD,MER97826062,active,0,MHP-SITE-12
MHP-P-00176,Emily,Nelson,1999-09-30,CIVIC-BASE,CIV20050169,pending_verification,900,MHP-SITE-06
MHP-P-00177,Ebony,Tucker,1943-07-10,MERIDIAN-BRONZE,MER73645847,pending_verification,0,MHP-SITE-09
MHP-P-00178,Scott,Nelson,2004-08-31,MERIDIAN-SILVER,MER27157313,active,900,MHP-SITE-12
MHP-P-00179,Kari,Wilson,1940-06-21,MERIDIAN-BRONZE,MER85208373,pending_verification,250,MHP-SITE-08
MHP-P-00180,Russell,Campbell,1969-06-21,MERIDIAN-GOLD,MER19087680,active,900,MHP-SITE-09
MHP-P-00181,Erika,Tucker,1993-08-14,MERIDIAN-GOLD,MER90417043,active,0,MHP-SITE-05
MHP-P-00182,Elizabeth,Williams,1957-10-20,MERIDIAN-GOLD,MER18159550,active,1500,MHP-SITE-04
MHP-P-00183,Randall,Greene,1964-03-08,CIVIC-BASE,CIV81466893,lapsed,0,MHP-SITE-03
MHP-P-00184,Adrian,Turner,1941-03-31,CIVIC-BASE,CIV78354185,active,500,MHP-SITE-07
MHP-P-00185,Jason,Taylor,1990-01-12,MERIDIAN-BRONZE,MER34704966,active,900,MHP-SITE-04
MHP-P-00186,Jonathan,Murphy,1962-08-04,MERIDIAN-GOLD,MER71128254,active,1500,MHP-SITE-09
MHP-P-00187,Adrian,Burgess,1981-05-17,MERIDIAN-BRONZE,MER39573041,active,250,MHP-SITE-09
MHP-P-00188,Gregory,James,1993-03-31,MERIDIAN-GOLD,MER40055302,active,0,MHP-SITE-05
MHP-P-00189,Jane,Mason,1951-03-20,MERIDIAN-GOLD,MER29882943,pending_verification,250,MHP-SITE-03
MHP-P-00190,Martha,Drake,2003-12-22,MERIDIAN-BRONZE,MER96223229,pending_verification,0,MHP-SITE-09
MHP-P-00191,Charles,Hensley,2008-06-21,MERIDIAN-GOLD,MER97059725,active,900,MHP-SITE-06
MHP-P-00192,Bobby,Smith,2001-02-16,MERIDIAN-BRONZE,MER83722452,active,0,MHP-SITE-07
MHP-P-00193,Samantha,Atkins,1979-06-22,MERIDIAN-BRONZE,MER17685767,active,0,MHP-SITE-14
MHP-P-00194,Barbara,Berry,1988-12-03,MERIDIAN-BRONZE,MER47539330,active,0,MHP-SITE-09
MHP-P-00195,Jenna,Butler,1943-10-08,MERIDIAN-GOLD,MER61268618,pending_verification,250,MHP-SITE-14
MHP-P-00196,Darius,Smith,1968-12-04,MERIDIAN-SILVER,MER39613670,active,0,MHP-SITE-10
MHP-P-00197,Mark,Solis,1994-08-19,CIVIC-BASE,CIV69868610,active,1500,MHP-SITE-07
MHP-P-00198,Christine,Collier,1995-04-16,MERIDIAN-BRONZE,MER74291216,active,0,MHP-SITE-08
MHP-P-00199,Samantha,Davis,1992-10-18,MERIDIAN-SILVER,MER35348349,active,1500,MHP-SITE-03
MHP-P-00200,Megan,Sanchez,2006-09-16,MERIDIAN-BRONZE,MER51629000,active,0,MHP-SITE-14
MHP-P-00201,Brianna,Warren,1946-12-06,CIVIC-BASE,CIV91580498,active,0,MHP-SITE-02
MHP-P-00202,Randy,Collins,1986-08-05,CIVIC-BASE,CIV71072308,lapsed,500,MHP-SITE-02
MHP-P-00203,Matthew,Cook,1943-05-25,MERIDIAN-SILVER,MER11582229,active,500,MHP-SITE-07
MHP-P-00204,Gary,Dixon,1998-09-22,MERIDIAN-GOLD,MER11818926,active,1500,MHP-SITE-01
MHP-P-00205,Daniel,Hicks,1986-04-26,MERIDIAN-SILVER,MER21220004,active,1500,MHP-SITE-10
MHP-P-00206,Rebecca,Bailey,2007-10-03,MERIDIAN-GOLD,MER24272571,active,250,MHP-SITE-14
MHP-P-00207,Jessica,Fuentes,1990-06-12,MERIDIAN-GOLD,MER28687147,active,900,MHP-SITE-08
MHP-P-00208,Lisa,Young,1981-01-07,MERIDIAN-SILVER,MER54527579,active,0,MHP-SITE-01
MHP-P-00209,Dwayne,Gonzalez,1952-04-20,MERIDIAN-BRONZE,MER82962489,active,0,MHP-SITE-02
MHP-P-00210,Carrie,Wolf,1999-05-25,MERIDIAN-BRONZE,MER78658060,lapsed,500,MHP-SITE-03
MHP-P-00211,Diana,Thompson,1988-06-21,MERIDIAN-GOLD,MER13221342,active,500,MHP-SITE-03
MHP-P-00212,Kendra,Snyder,1949-10-20,MERIDIAN-BRONZE,MER48499846,active,1500,MHP-SITE-07
MHP-P-00213,Karen,Wolf,1964-06-22,MERIDIAN-GOLD,MER32757831,pending_verification,0,MHP-SITE-02
MHP-P-00214,Shane,Glass,1976-07-16,MERIDIAN-BRONZE,MER20239462,active,0,MHP-SITE-06
MHP-P-00215,Anne,Reid,2004-09-15,MERIDIAN-GOLD,MER91135473,active,500,MHP-SITE-09
MHP-P-00216,Claudia,Lin,1954-10-20,MERIDIAN-BRONZE,MER34342463,active,0,MHP-SITE-11
MHP-P-00217,Courtney,Hernandez,1952-07-18,MERIDIAN-BRONZE,MER48521233,active,0,MHP-SITE-05
MHP-P-00218,Carlos,Ramos,1949-03-25,CIVIC-BASE,CIV59541440,lapsed,1500,MHP-SITE-13
MHP-P-00219,Kevin,Hill,2008-05-26,MERIDIAN-GOLD,MER29950518,active,0,MHP-SITE-06
MHP-P-00220,Brian,Romero,1973-07-21,MERIDIAN-SILVER,MER69954440,active,500,MHP-SITE-14
MHP-P-00221,Lance,Hayes,1998-06-11,MERIDIAN-GOLD,MER87556758,active,1500,MHP-SITE-05
MHP-P-00222,Brian,Decker,2000-06-25,MERIDIAN-SILVER,MER53359494,pending_verification,0,MHP-SITE-13
MHP-P-00223,Chase,Lin,1976-12-17,CIVIC-BASE,CIV52857838,active,500,MHP-SITE-12
MHP-P-00224,Melissa,Gilbert,1954-08-12,CIVIC-BASE,CIV95443567,active,1500,MHP-SITE-04
MHP-P-00225,William,Ford,1971-01-14,CIVIC-BASE,CIV83731067,active,900,MHP-SITE-08
MHP-P-00226,Angela,Conner,1974-02-02,MERIDIAN-SILVER,MER21222980,active,500,MHP-SITE-09
MHP-P-00227,Paula,Cole,1945-07-09,MERIDIAN-SILVER,MER21710526,active,0,MHP-SITE-04
MHP-P-00228,Lisa,Pearson,1976-01-31,MERIDIAN-GOLD,MER84943752,active,0,MHP-SITE-02
MHP-P-00229,Marc,Alvarez,1977-04-03,MERIDIAN-GOLD,MER58433612,active,0,MHP-SITE-05
MHP-P-00230,Edward,Brown,1995-08-31,CIVIC-BASE,CIV84021128,pending_verification,500,MHP-SITE-04
MHP-P-00231,Dale,Nolan,1988-06-12,MERIDIAN-SILVER,MER17498162,active,0,MHP-SITE-12
MHP-P-00232,Matthew,Klein,1974-09-25,MERIDIAN-SILVER,MER13536218,active,500,MHP-SITE-06
MHP-P-00233,William,Thompson,1945-09-02,MERIDIAN-GOLD,MER24228398,active,0,MHP-SITE-08
MHP-P-00234,John,Kim,2005-11-20,MERIDIAN-SILVER,MER29714795,active,0,MHP-SITE-04
MHP-P-00235,Scott,Mills,2007-06-24,MERIDIAN-GOLD,MER86394469,active,500,MHP-SITE-03
MHP-P-00236,Erik,Watson,1966-06-14,MERIDIAN-SILVER,MER28805567,active,1500,MHP-SITE-05
MHP-P-00237,Justin,Ortiz,1971-09-05,CIVIC-BASE,CIV55276604,active,1500,MHP-SITE-12
MHP-P-00238,Matthew,Harper,1982-11-14,MERIDIAN-GOLD,MER24933959,active,1500,MHP-SITE-01
MHP-P-00239,Kristina,Holland,1963-06-12,MERIDIAN-SILVER,MER31521650,active,500,MHP-SITE-11
MHP-P-00240,Cameron,Davis,1958-11-18,CIVIC-BASE,CIV44635469,lapsed,900,MHP-SITE-05
MHP-P-00241,Erika,Mitchell,1970-08-03,MERIDIAN-SILVER,MER31045425,active,0,MHP-SITE-09
MHP-P-00242,Jennifer,Douglas,1997-05-15,CIVIC-BASE,CIV38435937,active,0,MHP-SITE-04
MHP-P-00243,Rebecca,Marks,1992-02-12,CIVIC-BASE,CIV85067208,active,0,MHP-SITE-14
MHP-P-00244,Mathew,Aguilar,1965-10-07,CIVIC-BASE,CIV52035604,active,500,MHP-SITE-14
MHP-P-00245,Donald,Bailey,1993-10-23,CIVIC-BASE,CIV17337905,active,1500,MHP-SITE-07
MHP-P-00246,Tammy,Hale,1984-05-19,MERIDIAN-SILVER,MER24549320,active,250,MHP-SITE-10
MHP-P-00247,Philip,Larson,2006-01-29,MERIDIAN-BRONZE,MER42149161,active,900,MHP-SITE-02
MHP-P-00248,Sharon,Collins,1989-08-02,MERIDIAN-GOLD,MER90142849,active,250,MHP-SITE-04
MHP-P-00249,Nicholas,Conner,1951-04-29,MERIDIAN-SILVER,MER14344197,active,0,MHP-SITE-10
MHP-P-00250,Lisa,Santiago,1958-01-08,MERIDIAN-GOLD,MER74935475,active,250,MHP-SITE-02
MHP-P-00251,Maria,Rodgers,2007-11-02,MERIDIAN-BRONZE,MER57868637,active,500,MHP-SITE-09
MHP-P-00252,Gina,Fox,1980-05-20,MERIDIAN-SILVER,MER62430988,active,0,MHP-SITE-12
MHP-P-00253,Debbie,Henderson,1978-11-15,MERIDIAN-GOLD,MER64665076,lapsed,900,MHP-SITE-02
MHP-P-00254,Michael,Cox,2006-06-21,MERIDIAN-SILVER,MER88809362,active,500,MHP-SITE-10
MHP-P-00255,Henry,Lewis,1982-07-27,MERIDIAN-GOLD,MER31638985,active,500,MHP-SITE-02
MHP-P-00256,Stacey,Tucker,1944-02-21,MERIDIAN-GOLD,MER41080809,lapsed,1500,MHP-SITE-11
MHP-P-00257,Jeremy,Taylor,1939-08-16,MERIDIAN-SILVER,MER31615365,pending_verification,900,MHP-SITE-09
MHP-P-00258,Chris,Richard,1968-06-13,MERIDIAN-BRONZE,MER27609040,active,250,MHP-SITE-10
MHP-P-00259,Craig,Wise,2005-01-02,CIVIC-BASE,CIV62027391,active,900,MHP-SITE-10
MHP-P-00260,Mary,Stephenson,1994-12-04,MERIDIAN-GOLD,MER86088145,active,500,MHP-SITE-02
MHP-P-00261,Benjamin,Rogers,1995-10-20,MERIDIAN-GOLD,MER51546065,active,0,MHP-SITE-08
MHP-P-00262,Katie,Anderson,1967-10-17,MERIDIAN-GOLD,MER52106611,active,250,MHP-SITE-03
MHP-P-00263,Nicholas,Martin,1983-06-20,MERIDIAN-GOLD,MER87378080,active,0,MHP-SITE-02
MHP-P-00264,Marie,Wise,1944-11-03,MERIDIAN-SILVER,MER71839630,active,500,MHP-SITE-05
MHP-P-00265,Lisa,Martin,1950-04-04,CIVIC-BASE,CIV28850509,lapsed,900,MHP-SITE-08
MHP-P-00266,Samuel,Jenkins,1975-12-27,MERIDIAN-GOLD,MER48470165,active,900,MHP-SITE-11
MHP-P-00267,Erica,Young,1969-01-17,MERIDIAN-SILVER,MER59221971,active,900,MHP-SITE-06
MHP-P-00268,Sean,Mitchell,2001-02-08,MERIDIAN-BRONZE,MER65457991,active,250,MHP-SITE-11
MHP-P-00269,Kaitlyn,Cole,1952-12-01,MERIDIAN-GOLD,MER96418337,active,0,MHP-SITE-12
MHP-P-00270,Amanda,Collins,1994-09-24,MERIDIAN-GOLD,MER24132859,active,0,MHP-SITE-10
MHP-P-00271,Lindsey,Harrison,2002-01-18,CIVIC-BASE,CIV39937437,active,500,MHP-SITE-11
MHP-P-00272,Mary,Richardson,1977-04-17,MERIDIAN-GOLD,MER72529032,active,900,MHP-SITE-14
MHP-P-00273,Stacey,Joyce,1998-10-22,CIVIC-BASE,CIV21518907,active,0,MHP-SITE-07
MHP-P-00274,Steven,Campbell,1990-09-13,CIVIC-BASE,CIV63891165,active,250,MHP-SITE-06
MHP-P-00275,Patrick,Rose,1989-07-09,CIVIC-BASE,CIV73917095,active,500,MHP-SITE-01
MHP-P-00276,Tammy,Montoya,1966-06-08,MERIDIAN-SILVER,MER29530531,active,250,MHP-SITE-10
MHP-P-00277,Laurie,Taylor,1954-09-02,MERIDIAN-GOLD,MER61040965,active,250,MHP-SITE-13
MHP-P-00278,John,Davidson,1966-02-15,CIVIC-BASE,CIV38644859,active,0,MHP-SITE-13
MHP-P-00279,Morgan,Spencer,1984-05-21,CIVIC-BASE,CIV43832435,active,0,MHP-SITE-03
MHP-P-00280,Curtis,Singleton,1984-01-09,MERIDIAN-GOLD,MER64367371,active,1500,MHP-SITE-08
MHP-P-00281,Melissa,Mitchell,1961-07-08,CIVIC-BASE,CIV38736673,active,250,MHP-SITE-03
MHP-P-00282,Kathryn,Nelson,2000-04-20,MERIDIAN-GOLD,MER67516899,active,250,MHP-SITE-03
MHP-P-00283,Rebecca,Hernandez,1977-04-05,MERIDIAN-SILVER,MER66250794,active,900,MHP-SITE-12
MHP-P-00284,Samuel,Potts,1946-02-03,MERIDIAN-SILVER,MER68624154,active,1500,MHP-SITE-10
MHP-P-00285,Jeffrey,Hayes,2007-09-15,CIVIC-BASE,CIV85283856,active,900,MHP-SITE-04
MHP-P-00286,Michael,Johnson,1943-10-04,MERIDIAN-GOLD,MER99652407,active,0,MHP-SITE-06
MHP-P-00287,Brian,Shaw,2007-04-29,MERIDIAN-BRONZE,MER30200610,lapsed,0,MHP-SITE-08
MHP-P-00288,Joe,Vang,1998-05-28,MERIDIAN-BRONZE,MER64544291,active,1500,MHP-SITE-01
MHP-P-00289,Nicholas,Johnson,1997-04-26,CIVIC-BASE,CIV95133372,active,900,MHP-SITE-02
MHP-P-00290,Sarah,Combs,1988-12-25,MERIDIAN-GOLD,MER35186888,active,900,MHP-SITE-13
MHP-P-00291,Debra,Moody,1954-09-07,MERIDIAN-SILVER,MER60674785,active,0,MHP-SITE-04
MHP-P-00292,Devin,Mitchell,1975-05-19,MERIDIAN-GOLD,MER58827665,active,250,MHP-SITE-09
MHP-P-00293,Maria,Horton,1945-11-09,MERIDIAN-GOLD,MER76992183,active,500,MHP-SITE-07
MHP-P-00294,Dominic,Thornton,1977-01-15,CIVIC-BASE,CIV57272989,active,500,MHP-SITE-09
MHP-P-00295,Shane,Smith,1998-06-04,MERIDIAN-BRONZE,MER33597329,active,250,MHP-SITE-03
MHP-P-00296,Christian,Scott,1959-11-26,MERIDIAN-SILVER,MER68502308,active,1500,MHP-SITE-12
MHP-P-00297,Mary,Dunn,1951-09-16,CIVIC-BASE,CIV48016951,active,0,MHP-SITE-02
MHP-P-00298,Jessica,Rose,2000-07-21,MERIDIAN-GOLD,MER97191136,active,500,MHP-SITE-02
MHP-P-00299,Daniel,Roberts,1941-04-25,CIVIC-BASE,CIV93728466,lapsed,0,MHP-SITE-11
MHP-P-00300,Kevin,Williams,1963-06-09,CIVIC-BASE,CIV88011850,active,1500,MHP-SITE-05
MHP-P-00301,Robert,Bauer,1989-08-03,CIVIC-BASE,CIV39914362,active,900,MHP-SITE-07
MHP-P-00302,Stephen,Rodriguez,1991-01-19,MERIDIAN-GOLD,MER73025187,pending_verification,250,MHP-SITE-13
MHP-P-00303,Rebecca,Carlson,1971-07-20,CIVIC-BASE,CIV96551565,active,1500,MHP-SITE-07
MHP-P-00304,Allen,Robertson,1974-12-26,MERIDIAN-GOLD,MER40056261,active,250,MHP-SITE-11
MHP-P-00305,John,Thomas,1981-01-07,MERIDIAN-BRONZE,MER65662309,active,0,MHP-SITE-07
MHP-P-00306,Ruben,Mendez,2007-03-16,MERIDIAN-GOLD,MER13522788,active,250,MHP-SITE-14
MHP-P-00307,John,Butler,1978-07-14,MERIDIAN-BRONZE,MER32872143,pending_verification,500,MHP-SITE-04
MHP-P-00308,Elizabeth,Miller,1991-04-24,CIVIC-BASE,CIV92714079,active,0,MHP-SITE-13
MHP-P-00309,Theresa,Jones,1997-01-13,CIVIC-BASE,CIV95399182,active,1500,MHP-SITE-03
MHP-P-00310,Alicia,Romero,1980-01-21,CIVIC-BASE,CIV79427754,active,0,MHP-SITE-02
MHP-P-00311,Vanessa,Spencer,1963-05-11,MERIDIAN-SILVER,MER25887718,active,500,MHP-SITE-14
MHP-P-00312,Peter,Harrison,1958-12-29,MERIDIAN-BRONZE,MER31347754,pending_verification,0,MHP-SITE-02
MHP-P-00313,Cynthia,Zavala,2006-04-18,MERIDIAN-GOLD,MER68709658,active,900,MHP-SITE-03
MHP-P-00314,Jon,Smith,1953-02-22,MERIDIAN-GOLD,MER82970485,lapsed,0,MHP-SITE-10
MHP-P-00315,Kristina,Cooper,2006-04-30,CIVIC-BASE,CIV27521857,pending_verification,1500,MHP-SITE-11
MHP-P-00316,Jessica,Fuller,1991-11-10,MERIDIAN-BRONZE,MER42174926,active,0,MHP-SITE-05
MHP-P-00317,Kelsey,Moss,1960-07-24,MERIDIAN-SILVER,MER42917490,active,500,MHP-SITE-13
MHP-P-00318,Marvin,Williams,1949-06-14,MERIDIAN-BRONZE,MER16945615,active,0,MHP-SITE-11
MHP-P-00319,Amy,Li,1951-04-29,MERIDIAN-GOLD,MER87759654,lapsed,0,MHP-SITE-08
MHP-P-00320,Gregory,Maxwell,1998-12-28,MERIDIAN-GOLD,MER29036823,active,0,MHP-SITE-02
MHP-P-00321,Steven,Dominguez,1964-04-03,MERIDIAN-GOLD,MER58505926,lapsed,0,MHP-SITE-07
MHP-P-00322,Crystal,Cain,1964-07-17,MERIDIAN-GOLD,MER12947014,active,500,MHP-SITE-11
MHP-P-00323,Bryan,Parsons,1989-09-24,MERIDIAN-GOLD,MER66358979,active,250,MHP-SITE-11
MHP-P-00324,Stephen,Carter,1994-02-21,CIVIC-BASE,CIV34133211,active,0,MHP-SITE-11
MHP-P-00325,Bradley,Gonzalez,1998-01-30,MERIDIAN-GOLD,MER56011239,pending_verification,500,MHP-SITE-10
MHP-P-00326,Bobby,Mahoney,1994-05-21,MERIDIAN-GOLD,MER80027905,active,0,MHP-SITE-04
MHP-P-00327,Zachary,Hays,1960-07-06,MERIDIAN-GOLD,MER13092131,active,0,MHP-SITE-04
MHP-P-00328,Amy,King,1998-04-19,MERIDIAN-BRONZE,MER39119581,active,0,MHP-SITE-04
MHP-P-00329,Karen,Lee,1943-04-23,MERIDIAN-GOLD,MER26989313,active,500,MHP-SITE-04
MHP-P-00330,Michael,Norman,1977-04-29,MERIDIAN-GOLD,MER84020689,active,500,MHP-SITE-12
MHP-P-00331,Michelle,Rivera,1969-06-23,CIVIC-BASE,CIV78807596,pending_verification,0,MHP-SITE-05
MHP-P-00332,David,Richardson,1990-11-04,MERIDIAN-SILVER,MER47726289,pending_verification,0,MHP-SITE-10
MHP-P-00333,Pamela,Paul,1993-09-25,MERIDIAN-BRONZE,MER37626276,pending_verification,500,MHP-SITE-07
MHP-P-00334,Patricia,Hughes,1970-07-31,CIVIC-BASE,CIV90038028,active,250,MHP-SITE-10
MHP-P-00335,Terri,Crawford,1954-02-11,MERIDIAN-GOLD,MER61411543,active,900,MHP-SITE-06
MHP-P-00336,Tyler,Glass,1951-11-01,MERIDIAN-BRONZE,MER18625670,active,0,MHP-SITE-09
MHP-P-00337,April,Owen,1955-12-12,MERIDIAN-BRONZE,MER65003534,active,1500,MHP-SITE-09
MHP-P-00338,Jessica,Miller,1972-11-11,MERIDIAN-BRONZE,MER14018472,active,250,MHP-SITE-07
MHP-P-00339,Carrie,Short,1976-07-02,MERIDIAN-SILVER,MER42926044,active,1500,MHP-SITE-06
MHP-P-00340,Amy,Morris,1995-08-02,MERIDIAN-BRONZE,MER52205153,active,250,MHP-SITE-12
MHP-P-00341,Christopher,Guerrero,1944-04-15,MERIDIAN-GOLD,MER54140102,active,900,MHP-SITE-13
MHP-P-00342,Kirk,Morrison,1987-09-22,MERIDIAN-BRONZE,MER85382123,active,250,MHP-SITE-10
MHP-P-00343,Ronald,Norris,1961-04-17,MERIDIAN-SILVER,MER39187446,active,250,MHP-SITE-12
MHP-P-00344,Michael,Williams,1957-02-07,MERIDIAN-GOLD,MER96740906,active,500,MHP-SITE-06
MHP-P-00345,Molly,Gomez,1990-10-27,MERIDIAN-BRONZE,MER36457435,active,500,MHP-SITE-08
MHP-P-00346,Whitney,Hill,1983-12-23,MERIDIAN-GOLD,MER66537506,active,500,MHP-SITE-03
MHP-P-00347,Tina,Gould,1955-07-24,MERIDIAN-BRONZE,MER61386266,active,0,MHP-SITE-05
MHP-P-00348,Charles,Walsh,1950-11-07,MERIDIAN-GOLD,MER87277029,pending_verification,500,MHP-SITE-05
MHP-P-00349,Michael,Owen,1972-06-16,MERIDIAN-SILVER,MER14967155,lapsed,900,MHP-SITE-01
MHP-P-00350,Erin,Cisneros,1950-10-01,MERIDIAN-BRONZE,MER12184030,active,0,MHP-SITE-14
MHP-P-00351,Douglas,Lawson,1943-09-17,CIVIC-BASE,CIV50399304,active,250,MHP-SITE-07
MHP-P-00352,Kimberly,Johnson,1958-09-04,MERIDIAN-GOLD,MER52033591,active,0,MHP-SITE-07
MHP-P-00353,Carlos,Osborne,1946-02-11,MERIDIAN-BRONZE,MER71012928,active,1500,MHP-SITE-02
MHP-P-00354,Michael,Reyes,1953-02-26,MERIDIAN-BRONZE,MER23790014,active,0,MHP-SITE-14
MHP-P-00355,Ashley,Jacobs,1996-02-24,MERIDIAN-GOLD,MER24111073,pending_verification,1500,MHP-SITE-12
MHP-P-00356,Erika,Rush,1988-04-16,CIVIC-BASE,CIV32842710,active,1500,MHP-SITE-13
MHP-P-00357,Nathan,Hines,1960-05-15,MERIDIAN-BRONZE,MER10663217,lapsed,0,MHP-SITE-05
MHP-P-00358,Audrey,Moreno,1998-08-28,MERIDIAN-GOLD,MER16442905,pending_verification,0,MHP-SITE-05
MHP-P-00359,Raymond,Banks,1946-11-18,MERIDIAN-BRONZE,MER92241997,active,500,MHP-SITE-05
MHP-P-00360,John,Wilson,1996-03-27,MERIDIAN-SILVER,MER88309763,active,0,MHP-SITE-06
MHP-P-00361,Jill,Porter,1941-01-14,MERIDIAN-SILVER,MER88400641,lapsed,500,MHP-SITE-11
MHP-P-00362,Paul,Hoffman,1948-08-24,CIVIC-BASE,CIV26424667,active,0,MHP-SITE-10
MHP-P-00363,Jose,Green,1949-04-09,CIVIC-BASE,CIV75780623,pending_verification,250,MHP-SITE-13
MHP-P-00364,Sean,Davies,1988-05-02,CIVIC-BASE,CIV22321103,active,250,MHP-SITE-12
MHP-P-00365,Justin,Hendricks,1976-12-04,MERIDIAN-GOLD,MER84962645,active,0,MHP-SITE-11
MHP-P-00366,Travis,Martinez,1946-04-01,MERIDIAN-SILVER,MER20471228,active,500,MHP-SITE-01
MHP-P-00367,Melissa,Hayes,2007-06-02,MERIDIAN-SILVER,MER99992846,active,500,MHP-SITE-04
MHP-P-00368,Rachel,Wallace,1999-03-21,CIVIC-BASE,CIV55694444,active,900,MHP-SITE-13
MHP-P-00369,Christopher,Fleming,1940-05-15,MERIDIAN-BRONZE,MER51852500,active,1500,MHP-SITE-03
MHP-P-00370,Megan,Flores,1996-12-05,MERIDIAN-GOLD,MER39364802,lapsed,500,MHP-SITE-08
MHP-P-00371,Michael,Brown,1972-09-10,MERIDIAN-SILVER,MER35226688,active,500,MHP-SITE-03
MHP-P-00372,Amber,Vance,1956-10-22,MERIDIAN-BRONZE,MER97024488,active,500,MHP-SITE-02
MHP-P-00373,Melissa,Joseph,1987-01-06,MERIDIAN-GOLD,MER12226394,lapsed,0,MHP-SITE-05
MHP-P-00374,Sara,Little,1965-11-14,MERIDIAN-GOLD,MER98836768,active,250,MHP-SITE-05
MHP-P-00375,Laura,Hicks,1959-03-24,MERIDIAN-GOLD,MER21283250,active,0,MHP-SITE-03
MHP-P-00376,David,Harris,1963-07-18,CIVIC-BASE,CIV67827496,active,0,MHP-SITE-08
MHP-P-00377,Dominic,Tyler,1975-06-04,MERIDIAN-BRONZE,MER23128198,active,500,MHP-SITE-12
MHP-P-00378,Anthony,Spencer,1991-03-14,CIVIC-BASE,CIV49460803,active,0,MHP-SITE-10
MHP-P-00379,Miguel,Lara,1961-02-01,MERIDIAN-BRONZE,MER91530308,active,500,MHP-SITE-02
MHP-P-00380,Andrea,Salazar,1950-08-11,MERIDIAN-GOLD,MER43412730,pending_verification,0,MHP-SITE-02
MHP-P-00381,Christopher,Parker,2005-05-24,MERIDIAN-GOLD,MER87206131,active,0,MHP-SITE-09
MHP-P-00382,Yvonne,Higgins,1983-11-19,MERIDIAN-GOLD,MER40395619,lapsed,1500,MHP-SITE-12
MHP-P-00383,Alicia,Hammond,1973-06-08,CIVIC-BASE,CIV62732189,active,1500,MHP-SITE-14
MHP-P-00384,Madeline,Jones,1964-03-04,MERIDIAN-BRONZE,MER37609308,active,0,MHP-SITE-06
MHP-P-00385,Teresa,Day,1945-04-09,MERIDIAN-BRONZE,MER90035829,active,0,MHP-SITE-02
MHP-P-00386,Shannon,Frazier,1963-06-13,MERIDIAN-SILVER,MER93499311,active,250,MHP-SITE-14
MHP-P-00387,Melvin,Humphrey,1993-04-28,MERIDIAN-SILVER,MER52293683,active,0,MHP-SITE-03
MHP-P-00388,Kimberly,Bowman,1967-10-04,MERIDIAN-BRONZE,MER29036590,pending_verification,1500,MHP-SITE-08
MHP-P-00389,Hunter,Burch,1978-08-17,CIVIC-BASE,CIV12795332,active,250,MHP-SITE-02
MHP-P-00390,Ryan,Bartlett,1947-08-30,MERIDIAN-SILVER,MER11306458,active,500,MHP-SITE-10
MHP-P-00391,Brian,Martinez,1964-10-15,MERIDIAN-GOLD,MER43220287,active,0,MHP-SITE-14
MHP-P-00392,Eric,Martin,1957-09-14,MERIDIAN-GOLD,MER49011532,active,900,MHP-SITE-09
MHP-P-00393,Marcus,Fletcher,1940-11-11,MERIDIAN-SILVER,MER29674031,active,0,MHP-SITE-05
MHP-P-00394,Michael,Everett,1967-12-28,MERIDIAN-BRONZE,MER75855518,active,900,MHP-SITE-05
MHP-P-00395,Patty,Singleton,1985-11-07,CIVIC-BASE,CIV58894086,active,250,MHP-SITE-05
MHP-P-00396,John,Reid,1962-02-20,MERIDIAN-BRONZE,MER99112118,active,900,MHP-SITE-08
MHP-P-00397,Andrea,Martinez,1984-05-18,MERIDIAN-GOLD,MER79700460,active,0,MHP-SITE-03
MHP-P-00398,Kevin,Ferguson,1988-11-01,CIVIC-BASE,CIV98498728,pending_verification,250,MHP-SITE-08
MHP-P-00399,Wayne,Jackson,1986-09-03,MERIDIAN-GOLD,MER87522039,active,500,MHP-SITE-06
