referral_id,patient_ref,from_specialty,to_specialty,urgency,raised_on,status,preauth_required
MHP-R-00000,MHP-P-00038,Primary Care,Gastroenterology,Routine,2026-07-27,scheduled,True
MHP-R-00001,MHP-P-00256,Primary Care,Gastroenterology,Priority,2026-06-11,open,False
MHP-R-00002,MHP-P-00109,Primary Care,Gastroenterology,Priority,2026-07-18,accepted,False
MHP-R-00003,MHP-P-00287,Primary Care,Pulmonology,Routine,2026-06-09,accepted,False
MHP-R-00004,MHP-P-00040,Primary Care,Pulmonology,Routine,2026-05-06,open,True
MHP-R-00005,MHP-P-00383,Primary Care,Gastroenterology,Routine,2026-03-31,closed,True
MHP-R-00006,MHP-P-00218,Primary Care,Endocrinology,Priority,2026-04-13,open,False
MHP-R-00007,MHP-P-00158,Primary Care,Orthopaedics,Routine,2026-03-04,closed,False
MHP-R-00008,MHP-P-00001,Primary Care,Endocrinology,Routine,2026-07-01,closed,False
MHP-R-00009,MHP-P-00091,Primary Care,Orthopaedics,Priority,2026-04-08,open,False
MHP-R-00010,MHP-P-00399,Primary Care,ENT,Routine,2026-05-06,closed,True
MHP-R-00011,MHP-P-00042,Primary Care,Pulmonology,Priority,2026-04-11,open,False
MHP-R-00012,MHP-P-00279,Primary Care,Gastroenterology,Priority,2026-07-29,closed,False
MHP-R-00013,MHP-P-00392,Primary Care,Orthopaedics,Urgent,2026-03-05,open,True
MHP-R-00014,MHP-P-00353,Primary Care,Endocrinology,Routine,2026-07-31,closed,True
MHP-R-00015,MHP-P-00174,Primary Care,Neurology,Priority,2026-04-27,open,False
MHP-R-00016,MHP-P-00206,Primary Care,Endocrinology,Routine,2026-06-02,scheduled,False
MHP-R-00017,MHP-P-00382,Primary Care,Orthopaedics,Urgent,2026-06-26,accepted,False
MHP-R-00018,MHP-P-00399,Primary Care,ENT,Routine,2026-05-02,accepted,False
MHP-R-00019,MHP-P-00101,Primary Care,Cardiology,Routine,2026-03-10,open,True
MHP-R-00020,MHP-P-00340,Primary Care,Pulmonology,Routine,2026-04-24,closed,True
MHP-R-00021,MHP-P-00161,Primary Care,ENT,Routine,2026-07-16,open,False
MHP-R-00022,MHP-P-00392,Primary Care,Orthopaedics,Routine,2026-05-05,scheduled,False
MHP-R-00023,MHP-P-00371,Primary Care,Pulmonology,Routine,2026-07-09,open,False
MHP-R-00024,MHP-P-00162,Primary Care,Endocrinology,Routine,2026-07-12,scheduled,True
MHP-R-00025,MHP-P-00054,Primary Care,Cardiology,Urgent,2026-06-11,rejected,True
MHP-R-00026,MHP-P-00132,Primary Care,Neurology,Urgent,2026-03-28,accepted,True
MHP-R-00027,MHP-P-00038,Primary Care,Pulmonology,Routine,2026-04-03,closed,True
MHP-R-00028,MHP-P-00013,Primary Care,Gastroenterology,Routine,2026-06-20,open,True
MHP-R-00029,MHP-P-00268,Primary Care,Orthopaedics,Routine,2026-02-20,rejected,False
MHP-R-00030,MHP-P-00162,Primary Care,Orthopaedics,Routine,2026-03-15,scheduled,True
MHP-R-00031,MHP-P-00025,Primary Care,Gastroenterology,Routine,2026-06-30,scheduled,False
MHP-R-00032,MHP-P-00040,Primary Care,Gastroenterology,Urgent,2026-06-10,accepted,False
MHP-R-00033,MHP-P-00385,Primary Care,Cardiology,Routine,2026-07-22,scheduled,False
MHP-R-00034,MHP-P-00137,Primary Care,Cardiology,Routine,2026-02-20,closed,False
MHP-R-00035,MHP-P-00054,Primary Care,ENT,Routine,2026-07-09,accepted,False
MHP-R-00036,MHP-P-00135,Primary Care,Dermatology,Routine,2026-05-22,closed,True
MHP-R-00037,MHP-P-00171,Primary Care,Dermatology,Routine,2026-07-30,scheduled,False
MHP-R-00038,MHP-P-00322,Primary Care,Cardiology,Routine,2026-06-23,closed,True
MHP-R-00039,MHP-P-00349,Primary Care,Endocrinology,Urgent,2026-02-03,closed,False
MHP-R-00040,MHP-P-00295,Primary Care,Endocrinology,Routine,2026-03-20,open,True
MHP-R-00041,MHP-P-00341,Primary Care,Neurology,Routine,2026-05-15,accepted,True
MHP-R-00042,MHP-P-00302,Primary Care,Neurology,Urgent,2026-03-30,accepted,False
MHP-R-00043,MHP-P-00063,Primary Care,Neurology,Routine,2026-05-30,scheduled,False
MHP-R-00044,MHP-P-00207,Primary Care,Endocrinology,Priority,2026-06-16,open,True
MHP-R-00045,MHP-P-00328,Primary Care,Orthopaedics,Urgent,2026-03-22,open,True
MHP-R-00046,MHP-P-00127,Primary Care,Cardiology,Priority,2026-06-15,accepted,False
MHP-R-00047,MHP-P-00141,Primary Care,Orthopaedics,Routine,2026-06-08,accepted,True
MHP-R-00048,MHP-P-00356,Primary Care,Cardiology,Routine,2026-04-09,accepted,True
MHP-R-00049,MHP-P-00370,Primary Care,Orthopaedics,Priority,2026-04-06,rejected,True
MHP-R-00050,MHP-P-00265,Primary Care,Gastroenterology,Routine,2026-03-13,closed,True
MHP-R-00051,MHP-P-00199,Primary Care,Pulmonology,Routine,2026-06-11,closed,False
MHP-R-00052,MHP-P-00250,Primary Care,ENT,Urgent,2026-04-28,open,True
MHP-R-00053,MHP-P-00237,Primary Care,Dermatology,Routine,2026-07-24,closed,False
MHP-R-00054,MHP-P-00268,Primary Care,Gastroenterology,Routine,2026-02-23,closed,True
MHP-R-00055,MHP-P-00143,Primary Care,Dermatology,Routine,2026-02-05,scheduled,False
MHP-R-00056,MHP-P-00033,Primary Care,ENT,Routine,2026-06-07,accepted,True
MHP-R-00057,MHP-P-00141,Primary Care,ENT,Urgent,2026-03-26,open,True
MHP-R-00058,MHP-P-00068,Primary Care,Cardiology,Priority,2026-06-07,scheduled,True
MHP-R-00059,MHP-P-00282,Primary Care,Dermatology,Routine,2026-06-22,accepted,True
MHP-R-00060,MHP-P-00050,Primary Care,Gastroenterology,Priority,2026-05-13,closed,False
MHP-R-00061,MHP-P-00010,Primary Care,Orthopaedics,Routine,2026-07-24,open,False
MHP-R-00062,MHP-P-00129,Primary Care,Endocrinology,Priority,2026-06-12,closed,False
MHP-R-00063,MHP-P-00294,Primary Care,Dermatology,Routine,2026-05-15,open,False
MHP-R-00064,MHP-P-00167,Primary Care,Neurology,Routine,2026-02-02,scheduled,True
MHP-R-00065,MHP-P-00375,Primary Care,Gastroenterology,Priority,2026-04-25,accepted,False
MHP-R-00066,MHP-P-00300,Primary Care,Endocrinology,Routine,2026-06-12,closed,False
MHP-R-00067,MHP-P-00288,Primary Care,Pulmonology,Routine,2026-05-05,scheduled,False
MHP-R-00068,MHP-P-00166,Primary Care,Cardiology,Priority,2026-04-12,scheduled,True
MHP-R-00069,MHP-P-00170,Primary Care,ENT,Routine,2026-05-22,open,True
MHP-R-00070,MHP-P-00289,Primary Care,Dermatology,Routine,2026-07-20,open,False
MHP-R-00071,MHP-P-00273,Primary Care,Orthopaedics,Routine,2026-05-19,scheduled,True
MHP-R-00072,MHP-P-00377,Primary Care,Endocrinology,Routine,2026-02-21,open,True
MHP-R-00073,MHP-P-00300,Primary Care,Neurology,Routine,2026-03-28,scheduled,False
MHP-R-00074,MHP-P-00107,Primary Care,Orthopaedics,Routine,2026-03-20,scheduled,True
MHP-R-00075,MHP-P-00128,Primary Care,Endocrinology,Routine,2026-06-16,accepted,True
MHP-R-00076,MHP-P-00387,Primary Care,Cardiology,Urgent,2026-05-08,closed,True
MHP-R-00077,MHP-P-00210,Primary Care,Pulmonology,Routine,2026-05-11,scheduled,False
MHP-R-00078,MHP-P-00142,Primary Care,Cardiology,Routine,2026-04-11,closed,False
MHP-R-00079,MHP-P-00284,Primary Care,Dermatology,Routine,2026-02-21,rejected,False
MHP-R-00080,MHP-P-00341,Primary Care,Gastroenterology,Routine,2026-07-12,open,False
MHP-R-00081,MHP-P-00375,Primary Care,Dermatology,Routine,2026-03-14,accepted,True
MHP-R-00082,MHP-P-00031,Primary Care,ENT,Routine,2026-02-28,open,False
MHP-R-00083,MHP-P-00370,Primary Care,Endocrinology,Routine,2026-06-29,closed,True
MHP-R-00084,MHP-P-00351,Primary Care,Neurology,Routine,2026-02-14,closed,True
MHP-R-00085,MHP-P-00193,Primary Care,Cardiology,Routine,2026-02-09,scheduled,False
MHP-R-00086,MHP-P-00215,Primary Care,Orthopaedics,Routine,2026-03-04,accepted,True
MHP-R-00087,MHP-P-00055,Primary Care,Neurology,Routine,2026-07-10,open,False
MHP-R-00088,MHP-P-00365,Primary Care,Pulmonology,Priority,2026-03-04,closed,False
MHP-R-00089,MHP-P-00338,Primary Care,Endocrinology,Urgent,2026-04-25,open,False
MHP-R-00090,MHP-P-00227,Primary Care,Gastroenterology,Routine,2026-05-31,accepted,False
MHP-R-00091,MHP-P-00395,Primary Care,Cardiology,Routine,2026-03-31,accepted,False
MHP-R-00092,MHP-P-00046,Primary Care,Orthopaedics,Priority,2026-02-26,closed,True
MHP-R-00093,MHP-P-00358,Primary Care,Orthopaedics,Routine,2026-04-20,closed,False
MHP-R-00094,MHP-P-00377,Primary Care,Dermatology,Routine,2026-03-09,scheduled,True
MHP-R-00095,MHP-P-00064,Primary Care,Endocrinology,Urgent,2026-05-12,closed,False
MHP-R-00096,MHP-P-00037,Primary Care,Endocrinology,Routine,2026-02-18,accepted,False
MHP-R-00097,MHP-P-00132,Primary Care,Gastroenterology,Routine,2026-02-28,closed,True
MHP-R-00098,MHP-P-00251,Primary Care,Endocrinology,Routine,2026-07-05,accepted,False
MHP-R-00099,MHP-P-00265,Primary Care,Dermatology,Routine,2026-02-16,scheduled,False
MHP-R-00100,MHP-P-00041,Primary Care,Pulmonology,Routine,2026-06-14,accepted,False
MHP-R-00101,MHP-P-00015,Primary Care,Cardiology,Priority,2026-07-03,open,False
MHP-R-00102,MHP-P-00012,Primary Care,Cardiology,Routine,2026-03-06,closed,False
MHP-R-00103,MHP-P-00299,Primary Care,Orthopaedics,Routine,2026-03-11,scheduled,False
MHP-R-00104,MHP-P-00224,Primary Care,Pulmonology,Routine,2026-06-04,closed,False
MHP-R-00105,MHP-P-00368,Primary Care,Dermatology,Urgent,2026-04-04,accepted,True
MHP-R-00106,MHP-P-00258,Primary Care,Gastroenterology,Priority,2026-03-25,open,False
MHP-R-00107,MHP-P-00075,Primary Care,ENT,Routine,2026-05-14,closed,True
MHP-R-00108,MHP-P-00089,Primary Care,Gastroenterology,Routine,2026-07-05,open,True
MHP-R-00109,MHP-P-00020,Primary Care,Neurology,Routine,2026-02-10,scheduled,True
MHP-R-00110,MHP-P-00133,Primary Care,Endocrinology,Routine,2026-06-06,accepted,True
MHP-R-00111,MHP-P-00264,Primary Care,Gastroenterology,Routine,2026-04-22,accepted,True
MHP-R-00112,MHP-P-00211,Primary Care,Dermatology,Priority,2026-05-12,accepted,True
MHP-R-00113,MHP-P-00338,Primary Care,Cardiology,Routine,2026-07-11,open,False
MHP-R-00114,MHP-P-00373,Primary Care,Cardiology,Routine,2026-02-10,scheduled,True
MHP-R-00115,MHP-P-00106,Primary Care,Endocrinology,Routine,2026-07-18,scheduled,False
MHP-R-00116,MHP-P-00181,Primary Care,Cardiology,Priority,2026-07-03,scheduled,False
MHP-R-00117,MHP-P-00269,Primary Care,Dermatology,Routine,2026-02-14,accepted,True
MHP-R-00118,MHP-P-00062,Primary Care,Neurology,Routine,2026-05-16,open,False
MHP-R-00119,MHP-P-00270,Primary Care,Cardiology,Routine,2026-06-24,accepted,False
MHP-R-00120,MHP-P-00090,Primary Care,ENT,Routine,2026-03-22,scheduled,True
MHP-R-00121,MHP-P-00391,Primary Care,Endocrinology,Routine,2026-02-14,accepted,True
MHP-R-00122,MHP-P-00344,Primary Care,Orthopaedics,Routine,2026-04-21,scheduled,True
MHP-R-00123,MHP-P-00087,Primary Care,Gastroenterology,Routine,2026-03-05,open,False
MHP-R-00124,MHP-P-00387,Primary Care,Dermatology,Routine,2026-06-23,closed,False
MHP-R-00125,MHP-P-00053,Primary Care,Gastroenterology,Urgent,2026-03-23,open,False
MHP-R-00126,MHP-P-00199,Primary Care,Gastroenterology,Urgent,2026-06-05,accepted,True
MHP-R-00127,MHP-P-00384,Primary Care,Pulmonology,Priority,2026-07-20,closed,True
MHP-R-00128,MHP-P-00117,Primary Care,Pulmonology,Routine,2026-06-15,accepted,True
MHP-R-00129,MHP-P-00373,Primary Care,Cardiology,Priority,2026-05-04,accepted,True
MHP-R-00130,MHP-P-00143,Primary Care,Gastroenterology,Routine,2026-07-10,scheduled,False
MHP-R-00131,MHP-P-00011,Primary Care,Endocrinology,Priority,2026-04-14,accepted,False
MHP-R-00132,MHP-P-00265,Primary Care,Dermatology,Priority,2026-03-27,accepted,False
MHP-R-00133,MHP-P-00238,Primary Care,Cardiology,Priority,2026-04-09,open,False
MHP-R-00134,MHP-P-00029,Primary Care,Gastroenterology,Routine,2026-07-30,accepted,False
MHP-R-00135,MHP-P-00181,Primary Care,Endocrinology,Priority,2026-03-24,scheduled,False
MHP-R-00136,MHP-P-00062,Primary Care,Neurology,Priority,2026-07-09,open,True
MHP-R-00137,MHP-P-00048,Primary Care,ENT,Routine,2026-06-22,closed,True
MHP-R-00138,MHP-P-00024,Primary Care,Endocrinology,Routine,2026-02-20,scheduled,True
MHP-R-00139,MHP-P-00110,Primary Care,Dermatology,Routine,2026-04-06,rejected,True
MHP-R-00140,MHP-P-00208,Primary Care,Cardiology,Priority,2026-02-18,closed,False
MHP-R-00141,MHP-P-00258,Primary Care,ENT,Priority,2026-04-06,rejected,True
MHP-R-00142,MHP-P-00256,Primary Care,Neurology,Priority,2026-06-22,closed,False
MHP-R-00143,MHP-P-00005,Primary Care,Dermatology,Routine,2026-02-07,rejected,True
MHP-R-00144,MHP-P-00054,Primary Care,Pulmonology,Priority,2026-02-24,scheduled,False
MHP-R-00145,MHP-P-00268,Primary Care,Cardiology,Routine,2026-04-16,accepted,False
MHP-R-00146,MHP-P-00254,Primary Care,Gastroenterology,Priority,2026-07-12,rejected,True
MHP-R-00147,MHP-P-00371,Primary Care,Neurology,Urgent,2026-07-23,scheduled,True
MHP-R-00148,MHP-P-00188,Primary Care,Pulmonology,Routine,2026-02-13,open,False
MHP-R-00149,MHP-P-00063,Primary Care,Gastroenterology,Routine,2026-03-31,accepted,True
MHP-R-00150,MHP-P-00244,Primary Care,Pulmonology,Priority,2026-05-27,open,False
MHP-R-00151,MHP-P-00099,Primary Care,Dermatology,Priority,2026-03-04,closed,False
MHP-R-00152,MHP-P-00258,Primary Care,Dermatology,Routine,2026-05-01,accepted,True
MHP-R-00153,MHP-P-00039,Primary Care,Orthopaedics,Routine,2026-02-09,closed,False
MHP-R-00154,MHP-P-00150,Primary Care,Dermatology,Routine,2026-04-22,closed,True
MHP-R-00155,MHP-P-00187,Primary Care,Cardiology,Priority,2026-04-08,accepted,False
MHP-R-00156,MHP-P-00219,Primary Care,Neurology,Urgent,2026-06-26,open,False
MHP-R-00157,MHP-P-00059,Primary Care,Dermatology,Routine,2026-07-16,open,True
MHP-R-00158,MHP-P-00098,Primary Care,Cardiology,Routine,2026-03-13,accepted,True
MHP-R-00159,MHP-P-00311,Primary Care,Orthopaedics,Priority,2026-06-30,open,True
MHP-R-00160,MHP-P-00233,Primary Care,Orthopaedics,Routine,2026-06-27,accepted,False
MHP-R-00161,MHP-P-00393,Primary Care,Endocrinology,Routine,2026-04-09,accepted,False
MHP-R-00162,MHP-P-00260,Primary Care,Dermatology,Routine,2026-02-23,scheduled,False
MHP-R-00163,MHP-P-00217,Primary Care,Dermatology,Routine,2026-05-15,closed,True
MHP-R-00164,MHP-P-00020,Primary Care,Orthopaedics,Routine,2026-07-26,scheduled,False
MHP-R-00165,MHP-P-00229,Primary Care,Endocrinology,Routine,2026-03-20,scheduled,False
MHP-R-00166,MHP-P-00281,Primary Care,Dermatology,Routine,2026-03-15,accepted,True
MHP-R-00167,MHP-P-00370,Primary Care,Orthopaedics,Routine,2026-06-11,accepted,False
MHP-R-00168,MHP-P-00009,Primary Care,Cardiology,Routine,2026-05-22,scheduled,True
MHP-R-00169,MHP-P-00148,Primary Care,Gastroenterology,Routine,2026-02-05,closed,False
MHP-R-00170,MHP-P-00130,Primary Care,Dermatology,Routine,2026-05-29,closed,False
MHP-R-00171,MHP-P-00320,Primary Care,Neurology,Priority,2026-05-24,closed,False
MHP-R-00172,MHP-P-00336,Primary Care,Gastroenterology,Priority,2026-06-06,scheduled,False
MHP-R-00173,MHP-P-00373,Primary Care,ENT,Routine,2026-05-14,accepted,False
MHP-R-00174,MHP-P-00187,Primary Care,Neurology,Routine,2026-05-23,accepted,True
MHP-R-00175,MHP-P-00052,Primary Care,Gastroenterology,Routine,2026-05-10,closed,False
MHP-R-00176,MHP-P-00099,Primary Care,Dermatology,Priority,2026-02-23,accepted,False
MHP-R-00177,MHP-P-00114,Primary Care,Gastroenterology,Priority,2026-07-03,rejected,True
MHP-R-00178,MHP-P-00286,Primary Care,Cardiology,Routine,2026-06-18,open,False
MHP-R-00179,MHP-P-00079,Primary Care,Neurology,Routine,2026-05-02,closed,False
MHP-R-00180,MHP-P-00015,Primary Care,ENT,Routine,2026-03-16,accepted,False
MHP-R-00181,MHP-P-00370,Primary Care,Endocrinology,Routine,2026-03-17,accepted,False
MHP-R-00182,MHP-P-00185,Primary Care,Endocrinology,Priority,2026-05-14,open,False
MHP-R-00183,MHP-P-00387,Primary Care,Cardiology,Priority,2026-03-29,closed,False
MHP-R-00184,MHP-P-00208,Primary Care,Orthopaedics,Urgent,2026-07-27,closed,False
MHP-R-00185,MHP-P-00174,Primary Care,Cardiology,Routine,2026-07-17,closed,True
MHP-R-00186,MHP-P-00390,Primary Care,Pulmonology,Routine,2026-03-02,scheduled,True
MHP-R-00187,MHP-P-00281,Primary Care,Neurology,Routine,2026-04-10,scheduled,True
MHP-R-00188,MHP-P-00110,Primary Care,Cardiology,Routine,2026-07-09,scheduled,False
MHP-R-00189,MHP-P-00351,Primary Care,Dermatology,Priority,2026-07-09,scheduled,False
MHP-R-00190,MHP-P-00384,Primary Care,Orthopaedics,Routine,2026-03-11,closed,True
MHP-R-00191,MHP-P-00076,Primary Care,Endocrinology,Routine,2026-07-02,accepted,False
MHP-R-00192,MHP-P-00320,Primary Care,Cardiology,Priority,2026-07-14,rejected,False
MHP-R-00193,MHP-P-00114,Primary Care,Cardiology,Routine,2026-07-17,scheduled,False
MHP-R-00194,MHP-P-00199,Primary Care,Orthopaedics,Urgent,2026-02-25,closed,False
MHP-R-00195,MHP-P-00257,Primary Care,Endocrinology,Routine,2026-06-12,accepted,False
MHP-R-00196,MHP-P-00013,Primary Care,Cardiology,Urgent,2026-04-16,scheduled,False
MHP-R-00197,MHP-P-00142,Primary Care,Orthopaedics,Routine,2026-05-31,open,False
MHP-R-00198,MHP-P-00027,Primary Care,ENT,Routine,2026-03-08,closed,False
MHP-R-00199,MHP-P-00298,Primary Care,ENT,Routine,2026-06-04,open,False
MHP-R-00200,MHP-P-00112,Primary Care,Gastroenterology,Routine,2026-07-26,scheduled,False
MHP-R-00201,MHP-P-00144,Primary Care,Neurology,Routine,2026-06-21,closed,False
MHP-R-00202,MHP-P-00371,Primary Care,Neurology,Priority,2026-04-23,closed,False
MHP-R-00203,MHP-P-00176,Primary Care,Cardiology,Routine,2026-02-20,closed,False
MHP-R-00204,MHP-P-00320,Primary Care,ENT,Urgent,2026-07-31,open,True
MHP-R-00205,MHP-P-00358,Primary Care,Orthopaedics,Priority,2026-03-25,open,False
MHP-R-00206,MHP-P-00345,Primary Care,Gastroenterology,Routine,2026-03-12,accepted,False
MHP-R-00207,MHP-P-00045,Primary Care,Dermatology,Urgent,2026-04-04,accepted,False
MHP-R-00208,MHP-P-00103,Primary Care,Pulmonology,Urgent,2026-04-21,open,False
MHP-R-00209,MHP-P-00040,Primary Care,ENT,Routine,2026-07-17,rejected,False
MHP-R-00210,MHP-P-00347,Primary Care,Orthopaedics,Routine,2026-03-06,open,True
MHP-R-00211,MHP-P-00384,Primary Care,Neurology,Routine,2026-05-13,rejected,True
MHP-R-00212,MHP-P-00239,Primary Care,ENT,Routine,2026-04-10,accepted,True
MHP-R-00213,MHP-P-00229,Primary Care,Orthopaedics,Priority,2026-05-19,accepted,True
MHP-R-00214,MHP-P-00025,Primary Care,Dermatology,Priority,2026-04-06,open,False
MHP-R-00215,MHP-P-00150,Primary Care,Cardiology,Urgent,2026-02-20,scheduled,True
MHP-R-00216,MHP-P-00027,Primary Care,Endocrinology,Routine,2026-06-14,accepted,True
MHP-R-00217,MHP-P-00240,Primary Care,Orthopaedics,Urgent,2026-07-28,scheduled,False
MHP-R-00218,MHP-P-00341,Primary Care,Dermatology,Urgent,2026-02-16,open,True
MHP-R-00219,MHP-P-00047,Primary Care,ENT,Priority,2026-05-27,scheduled,True
MHP-R-00220,MHP-P-00321,Primary Care,Endocrinology,Routine,2026-04-24,open,False
MHP-R-00221,MHP-P-00376,Primary Care,ENT,Priority,2026-06-15,scheduled,True
MHP-R-00222,MHP-P-00218,Primary Care,Endocrinology,Priority,2026-05-18,accepted,True
MHP-R-00223,MHP-P-00263,Primary Care,Dermatology,Routine,2026-04-05,scheduled,True
MHP-R-00224,MHP-P-00293,Primary Care,ENT,Urgent,2026-02-06,scheduled,False
MHP-R-00225,MHP-P-00278,Primary Care,Neurology,Routine,2026-02-25,scheduled,False
MHP-R-00226,MHP-P-00206,Primary Care,ENT,Routine,2026-04-22,scheduled,False
MHP-R-00227,MHP-P-00007,Primary Care,Pulmonology,Priority,2026-04-16,scheduled,True
MHP-R-00228,MHP-P-00087,Primary Care,Dermatology,Routine,2026-04-11,accepted,True
MHP-R-00229,MHP-P-00201,Primary Care,Pulmonology,Routine,2026-04-08,scheduled,False
MHP-R-00230,MHP-P-00053,Primary Care,Gastroenterology,Routine,2026-03-03,closed,False
MHP-R-00231,MHP-P-00394,Primary Care,Dermatology,Routine,2026-05-24,open,False
MHP-R-00232,MHP-P-00233,Primary Care,Cardiology,Routine,2026-05-17,closed,True
MHP-R-00233,MHP-P-00220,Primary Care,Gastroenterology,Priority,2026-07-20,open,True
MHP-R-00234,MHP-P-00019,Primary Care,Pulmonology,Priority,2026-05-30,closed,True
MHP-R-00235,MHP-P-00277,Primary Care,Neurology,Urgent,2026-05-29,closed,True
MHP-R-00236,MHP-P-00149,Primary Care,Dermatology,Routine,2026-05-30,accepted,False
MHP-R-00237,MHP-P-00262,Primary Care,Orthopaedics,Routine,2026-03-29,accepted,False
MHP-R-00238,MHP-P-00259,Primary Care,ENT,Urgent,2026-06-28,closed,False
MHP-R-00239,MHP-P-00225,Primary Care,Orthopaedics,Routine,2026-03-09,accepted,False
MHP-R-00240,MHP-P-00229,Primary Care,Neurology,Routine,2026-05-18,closed,False
MHP-R-00241,MHP-P-00013,Primary Care,ENT,Routine,2026-07-03,open,False
MHP-R-00242,MHP-P-00368,Primary Care,ENT,Routine,2026-05-16,scheduled,False
MHP-R-00243,MHP-P-00319,Primary Care,Neurology,Routine,2026-06-21,closed,False
MHP-R-00244,MHP-P-00066,Primary Care,Pulmonology,Routine,2026-03-12,scheduled,False
MHP-R-00245,MHP-P-00329,Primary Care,Pulmonology,Priority,2026-02-02,accepted,True
MHP-R-00246,MHP-P-00320,Primary Care,Endocrinology,Routine,2026-06-17,accepted,True
MHP-R-00247,MHP-P-00184,Primary Care,Neurology,Routine,2026-06-02,accepted,False
MHP-R-00248,MHP-P-00019,Primary Care,Cardiology,Priority,2026-03-06,accepted,False
MHP-R-00249,MHP-P-00398,Primary Care,Pulmonology,Priority,2026-03-26,accepted,False
MHP-R-00250,MHP-P-00201,Primary Care,ENT,Routine,2026-03-12,open,False
MHP-R-00251,MHP-P-00313,Primary Care,Gastroenterology,Routine,2026-03-22,scheduled,True
MHP-R-00252,MHP-P-00272,Primary Care,Gastroenterology,Priority,2026-07-13,closed,False
MHP-R-00253,MHP-P-00099,Primary Care,Orthopaedics,Routine,2026-03-06,accepted,False
MHP-R-00254,MHP-P-00167,Primary Care,Dermatology,Routine,2026-04-08,closed,False
MHP-R-00255,MHP-P-00091,Primary Care,Pulmonology,Routine,2026-05-25,open,False
MHP-R-00256,MHP-P-00113,Primary Care,Endocrinology,Routine,2026-05-31,closed,True
MHP-R-00257,MHP-P-00114,Primary Care,Orthopaedics,Routine,2026-04-19,accepted,True
MHP-R-00258,MHP-P-00330,Primary Care,ENT,Routine,2026-04-18,closed,False
MHP-R-00259,MHP-P-00008,Primary Care,Pulmonology,Priority,2026-07-02,closed,False
MHP-R-00260,MHP-P-00114,Primary Care,Cardiology,Routine,2026-06-04,scheduled,False
MHP-R-00261,MHP-P-00262,Primary Care,Orthopaedics,Urgent,2026-02-24,closed,False
MHP-R-00262,MHP-P-00084,Primary Care,Cardiology,Routine,2026-07-14,closed,False
MHP-R-00263,MHP-P-00137,Primary Care,Cardiology,Routine,2026-04-14,accepted,True
MHP-R-00264,MHP-P-00166,Primary Care,Gastroenterology,Routine,2026-04-06,closed,True
MHP-R-00265,MHP-P-00110,Primary Care,Dermatology,Routine,2026-07-24,accepted,True
MHP-R-00266,MHP-P-00372,Primary Care,Orthopaedics,Routine,2026-04-26,scheduled,True
MHP-R-00267,MHP-P-00008,Primary Care,Gastroenterology,Urgent,2026-03-03,closed,False
MHP-R-00268,MHP-P-00055,Primary Care,Gastroenterology,Urgent,2026-07-06,open,False
MHP-R-00269,MHP-P-00090,Primary Care,ENT,Routine,2026-05-16,closed,True
MHP-R-00270,MHP-P-00302,Primary Care,ENT,Routine,2026-05-30,closed,True
MHP-R-00271,MHP-P-00244,Primary Care,Cardiology,Routine,2026-02-27,accepted,False
MHP-R-00272,MHP-P-00285,Primary Care,Pulmonology,Routine,2026-07-25,open,True
MHP-R-00273,MHP-P-00397,Primary Care,Neurology,Routine,2026-04-06,closed,False
MHP-R-00274,MHP-P-00212,Primary Care,ENT,Routine,2026-03-28,accepted,True
MHP-R-00275,MHP-P-00252,Primary Care,Pulmonology,Routine,2026-06-26,closed,True
MHP-R-00276,MHP-P-00323,Primary Care,Pulmonology,Priority,2026-04-25,rejected,False
MHP-R-00277,MHP-P-00162,Primary Care,Gastroenterology,Routine,2026-02-27,accepted,False
MHP-R-00278,MHP-P-00060,Primary Care,Orthopaedics,Priority,2026-04-26,rejected,True
MHP-R-00279,MHP-P-00003,Primary Care,Cardiology,Routine,2026-07-08,accepted,False
MHP-R-00280,MHP-P-00300,Primary Care,Endocrinology,Routine,2026-03-20,open,False
MHP-R-00281,MHP-P-00059,Primary Care,Pulmonology,Priority,2026-02-15,accepted,True
MHP-R-00282,MHP-P-00246,Primary Care,Cardiology,Routine,2026-06-05,scheduled,False
MHP-R-00283,MHP-P-00093,Primary Care,Orthopaedics,Routine,2026-03-29,closed,False
MHP-R-00284,MHP-P-00196,Primary Care,Neurology,Routine,2026-06-21,scheduled,False
MHP-R-00285,MHP-P-00353,Primary Care,Endocrinology,Routine,2026-07-26,scheduled,False
MHP-R-00286,MHP-P-00149,Primary Care,Neurology,Routine,2026-02-03,open,False
MHP-R-00287,MHP-P-00378,Primary Care,Dermatology,Urgent,2026-03-30,accepted,False
MHP-R-00288,MHP-P-00269,Primary Care,Endocrinology,Priority,2026-03-07,closed,False
MHP-R-00289,MHP-P-00054,Primary Care,Dermatology,Routine,2026-02-14,open,False
MHP-R-00290,MHP-P-00330,Primary Care,Cardiology,Routine,2026-06-03,open,True
MHP-R-00291,MHP-P-00004,Primary Care,Orthopaedics,Routine,2026-04-24,accepted,True
MHP-R-00292,MHP-P-00367,Primary Care,ENT,Routine,2026-05-16,open,False
MHP-R-00293,MHP-P-00265,Primary Care,Orthopaedics,Priority,2026-03-08,closed,False
MHP-R-00294,MHP-P-00245,Primary Care,ENT,Routine,2026-06-27,rejected,False
MHP-R-00295,MHP-P-00136,Primary Care,ENT,Routine,2026-03-04,closed,False
MHP-R-00296,MHP-P-00166,Primary Care,Dermatology,Routine,2026-05-12,closed,False
MHP-R-00297,MHP-P-00379,Primary Care,ENT,Routine,2026-06-10,scheduled,False
MHP-R-00298,MHP-P-00200,Primary Care,Cardiology,Routine,2026-03-09,closed,False
MHP-R-00299,MHP-P-00330,Primary Care,ENT,Routine,2026-05-02,closed,True
